date,county,quantile,hosp_census_with_covid,cases
2021-12-25,Amador,0.04999999999999999,1,19
2022-01-01,Amador,0.04999999999999999,1,28
2022-01-08,Amador,0.04999999999999999,2,44
2022-01-15,Amador,0.04999999999999999,4,69
2022-01-22,Amador,0.04999999999999999,7,97.94999999999993
2022-01-29,Amador,0.04999999999999999,9,115
2022-02-05,Amador,0.04999999999999999,9,109
2022-02-12,Amador,0.04999999999999999,7,85
2022-02-19,Amador,0.04999999999999999,5,53
2022-02-26,Amador,0.04999999999999999,2.949999999999932,33.94999999999993
2022-03-05,Amador,0.04999999999999999,1,20
2022-03-12,Amador,0.04999999999999999,0,10
2022-03-19,Amador,0.04999999999999999,0,5
2022-03-26,Amador,0.04999999999999999,0,3
2022-04-02,Amador,0.04999999999999999,0,1
2022-04-09,Amador,0.04999999999999999,0,0
2022-04-16,Amador,0.04999999999999999,0,0
2022-04-23,Amador,0.04999999999999999,0,0
2022-04-30,Amador,0.04999999999999999,0,0
2022-05-07,Amador,0.04999999999999999,0,0
2021-12-25,Amador,0.5,4,56
2022-01-01,Amador,0.5,5,96
2022-01-08,Amador,0.5,6,185.5
2022-01-15,Amador,0.5,10,315
2022-01-22,Amador,0.5,15,452
2022-01-29,Amador,0.5,18,529
2022-02-05,Amador,0.5,17,477
2022-02-12,Amador,0.5,14,356
2022-02-19,Amador,0.5,10,233
2022-02-26,Amador,0.5,7,144
2022-03-05,Amador,0.5,4,87
2022-03-12,Amador,0.5,2,50
2022-03-19,Amador,0.5,1,28
2022-03-26,Amador,0.5,1,16
2022-04-02,Amador,0.5,0,9
2022-04-09,Amador,0.5,0,5
2022-04-16,Amador,0.5,0,3
2022-04-23,Amador,0.5,0,1
2022-04-30,Amador,0.5,0,1
2022-05-07,Amador,0.5,0,0
2021-12-25,Amador,0.95,8,120
2022-01-01,Amador,0.95,9,231
2022-01-08,Amador,0.95,13,479
2022-01-15,Amador,0.95,18,877.0499999999993
2022-01-22,Amador,0.95,25,1312.0999999999985
2022-01-29,Amador,0.95,29,1546
2022-02-05,Amador,0.95,28,1447.0499999999993
2022-02-12,Amador,0.95,24,1104.0499999999993
2022-02-19,Amador,0.95,18,748.0499999999993
2022-02-26,Amador,0.95,13,470
2022-03-05,Amador,0.95,9,281
2022-03-12,Amador,0.95,6,164
2022-03-19,Amador,0.95,4,95
2022-03-26,Amador,0.95,3,55
2022-04-02,Amador,0.95,2,33
2022-04-09,Amador,0.95,1,19
2022-04-16,Amador,0.95,1,12
2022-04-23,Amador,0.95,1,7
2022-04-30,Amador,0.95,1,5
2022-05-07,Amador,0.95,0,3
2021-12-25,Butte,0.04999999999999999,15,48.94999999999993
2022-01-01,Butte,0.04999999999999999,19,69
2022-01-08,Butte,0.04999999999999999,29,94
2022-01-15,Butte,0.04999999999999999,47,118.94999999999993
2022-01-22,Butte,0.04999999999999999,66,147
2022-01-29,Butte,0.04999999999999999,76,157
2022-02-05,Butte,0.04999999999999999,74,122.94999999999993
2022-02-12,Butte,0.04999999999999999,62,110
2022-02-19,Butte,0.04999999999999999,47,89
2022-02-26,Butte,0.04999999999999999,33,62.94999999999993
2022-03-05,Butte,0.04999999999999999,22,39
2022-03-12,Butte,0.04999999999999999,14,29
2022-03-19,Butte,0.04999999999999999,9,20
2022-03-26,Butte,0.04999999999999999,5,14
2022-04-02,Butte,0.04999999999999999,3,9
2022-04-09,Butte,0.04999999999999999,1,6
2022-04-16,Butte,0.04999999999999999,1,3
2022-04-23,Butte,0.04999999999999999,0,2
2022-04-30,Butte,0.04999999999999999,0,1
2022-05-07,Butte,0.04999999999999999,0,0.9499999999999318
2021-12-25,Butte,0.5,24,225
2022-01-01,Butte,0.5,28,387
2022-01-08,Butte,0.5,41,731
2022-01-15,Butte,0.5,63,1176
2022-01-22,Butte,0.5,85,1621.5
2022-01-29,Butte,0.5,98,1821
2022-02-05,Butte,0.5,94,1583
2022-02-12,Butte,0.5,81,1327
2022-02-19,Butte,0.5,63,1027
2022-02-26,Butte,0.5,46,712
2022-03-05,Butte,0.5,32,486
2022-03-12,Butte,0.5,22,347.5
2022-03-19,Butte,0.5,15,237
2022-03-26,Butte,0.5,11,164
2022-04-02,Butte,0.5,7,110
2022-04-09,Butte,0.5,5,74
2022-04-16,Butte,0.5,3,49
2022-04-23,Butte,0.5,2,32
2022-04-30,Butte,0.5,1,21
2022-05-07,Butte,0.5,1,14
2021-12-25,Butte,0.95,35,634.0499999999993
2022-01-01,Butte,0.95,39,1382.0499999999993
2022-01-08,Butte,0.95,55,2826.0999999999985
2022-01-15,Butte,0.95,81,5055.299999999996
2022-01-22,Butte,0.95,108,6839
2022-01-29,Butte,0.95,122,7387.0999999999985
2022-02-05,Butte,0.95,118,6842.199999999997
2022-02-12,Butte,0.95,102,5668.149999999998
2022-02-19,Butte,0.95,81,4264
2022-02-26,Butte,0.95,61,3013
2022-03-05,Butte,0.95,44,2112.0999999999985
2022-03-12,Butte,0.95,32,1465.0999999999985
2022-03-19,Butte,0.95,23,1046.0499999999993
2022-03-26,Butte,0.95,18,710.0499999999993
2022-04-02,Butte,0.95,13,490
2022-04-09,Butte,0.95,10,345
2022-04-16,Butte,0.95,8,253
2022-04-23,Butte,0.95,6,176
2022-04-30,Butte,0.95,5,135
2022-05-07,Butte,0.95,4,103
2021-12-25,Calaveras,0.04999999999999999,0,56
2022-01-01,Calaveras,0.04999999999999999,0,116
2022-01-08,Calaveras,0.04999999999999999,1,225
2022-01-15,Calaveras,0.04999999999999999,1,321.94999999999993
2022-01-22,Calaveras,0.04999999999999999,1,318
2022-01-29,Calaveras,0.04999999999999999,1,233
2022-02-05,Calaveras,0.04999999999999999,0,140.94999999999993
2022-02-12,Calaveras,0.04999999999999999,0,79
2022-02-19,Calaveras,0.04999999999999999,0,43
2022-02-26,Calaveras,0.04999999999999999,0,25
2022-03-05,Calaveras,0.04999999999999999,0,15
2022-03-12,Calaveras,0.04999999999999999,0,9
2022-03-19,Calaveras,0.04999999999999999,0,6
2022-03-26,Calaveras,0.04999999999999999,0,3
2022-04-02,Calaveras,0.04999999999999999,0,2
2022-04-09,Calaveras,0.04999999999999999,0,1
2022-04-16,Calaveras,0.04999999999999999,0,0
2022-04-23,Calaveras,0.04999999999999999,0,0
2022-04-30,Calaveras,0.04999999999999999,0,0
2022-05-07,Calaveras,0.04999999999999999,0,0
2021-12-25,Calaveras,0.5,3,84
2022-01-01,Calaveras,0.5,4,185
2022-01-08,Calaveras,0.5,7,397
2022-01-15,Calaveras,0.5,9,571
2022-01-22,Calaveras,0.5,9,532
2022-01-29,Calaveras,0.5,6,357
2022-02-05,Calaveras,0.5,4,212
2022-02-12,Calaveras,0.5,2,120
2022-02-19,Calaveras,0.5,1,69
2022-02-26,Calaveras,0.5,1,42
2022-03-05,Calaveras,0.5,0,27
2022-03-12,Calaveras,0.5,0,18
2022-03-19,Calaveras,0.5,0,13
2022-03-26,Calaveras,0.5,0,9
2022-04-02,Calaveras,0.5,0,6
2022-04-09,Calaveras,0.5,0,4
2022-04-16,Calaveras,0.5,0,2
2022-04-23,Calaveras,0.5,0,1.5
2022-04-30,Calaveras,0.5,0,1
2022-05-07,Calaveras,0.5,0,1
2021-12-25,Calaveras,0.95,11,122
2022-01-01,Calaveras,0.95,15,269.0499999999993
2022-01-08,Calaveras,0.95,23,564
2022-01-15,Calaveras,0.95,30,822
2022-01-22,Calaveras,0.95,29,781
2022-01-29,Calaveras,0.95,21,565
2022-02-05,Calaveras,0.95,14,353.0499999999993
2022-02-12,Calaveras,0.95,8,214
2022-02-19,Calaveras,0.95,5,126
2022-02-26,Calaveras,0.95,3,74
2022-03-05,Calaveras,0.95,2,47
2022-03-12,Calaveras,0.95,2,32
2022-03-19,Calaveras,0.95,1,23
2022-03-26,Calaveras,0.95,1,16
2022-04-02,Calaveras,0.95,1,12
2022-04-09,Calaveras,0.95,1,9
2022-04-16,Calaveras,0.95,0,7
2022-04-23,Calaveras,0.95,0,6
2022-04-30,Calaveras,0.95,0,5
2022-05-07,Calaveras,0.95,0,5
2021-12-25,California,0.04999999999999999,544,9275.95
2022-01-01,California,0.04999999999999999,620,15412.9
2022-01-08,California,0.04999999999999999,834,27599.449999999997
2022-01-15,California,0.04999999999999999,1143,41134.5
2022-01-22,California,0.04999999999999999,1369,47455.59999999999
2022-01-29,California,0.04999999999999999,1373,43915.6
2022-02-05,California,0.04999999999999999,1186,34999.9
2022-02-12,California,0.04999999999999999,915,25200.35
2022-02-19,California,0.04999999999999999,658,17587.65
2022-02-26,California,0.04999999999999999,460,12086.9
2022-03-05,California,0.04999999999999999,321,8325.95
2022-03-12,California,0.04999999999999999,224,5789.9
2022-03-19,California,0.04999999999999999,159,4156.9
2022-03-26,California,0.04999999999999999,114,3059.95
2022-04-02,California,0.04999999999999999,82,2225
2022-04-09,California,0.04999999999999999,60,1650
2022-04-16,California,0.04999999999999999,43,1225
2022-04-23,California,0.04999999999999999,32,919
2022-04-30,California,0.04999999999999999,23,683
2022-05-07,California,0.04999999999999999,16,507.94999999999993
2021-12-25,California,0.5,670,12987
2022-01-01,California,0.5,768,22097
2022-01-08,California,0.5,1025,40278
2022-01-15,California,0.5,1390,59369.5
2022-01-22,California,0.5,1632,68368
2022-01-29,California,0.5,1624,63275
2022-02-05,California,0.5,1392,51155.5
2022-02-12,California,0.5,1077,37479.5
2022-02-19,California,0.5,784,26605
2022-02-26,California,0.5,554,18564.5
2022-03-05,California,0.5,389,13181
2022-03-12,California,0.5,276,9424.5
2022-03-19,California,0.5,199,6929.5
2022-03-26,California,0.5,146,5161
2022-04-02,California,0.5,109,3877
2022-04-09,California,0.5,82,2950.5
2022-04-16,California,0.5,62,2297
2022-04-23,California,0.5,49,1767
2022-04-30,California,0.5,39,1402
2022-05-07,California,0.5,31,1147
2021-12-25,California,0.95,887.0499999999993,18721.249999999996
2022-01-01,California,0.95,1035,33239.549999999974
2022-01-08,California,0.95,1378,60969.94999999998
2022-01-15,California,0.95,1818,89726.29999999997
2022-01-22,California,0.95,2063,103396.79999999996
2022-01-29,California,0.95,1984,98920.54999999999
2022-02-05,California,0.95,1686.0499999999993,79748.29999999999
2022-02-12,California,0.95,1302,60005.44999999999
2022-02-19,California,0.95,949,43092.299999999996
2022-02-26,California,0.95,674,30462.199999999997
2022-03-05,California,0.95,479,21970.299999999996
2022-03-12,California,0.95,341,16262.05
2022-03-19,California,0.95,250,12026.099999999999
2022-03-26,California,0.95,187,9183.199999999997
2022-04-02,California,0.95,143,7087.149999999998
2022-04-09,California,0.95,111,5494.049999999999
2022-04-16,California,0.95,90,4431
2022-04-23,California,0.95,75,3675
2022-04-30,California,0.95,66,3206.0999999999985
2022-05-07,California,0.95,61,2883.0999999999985
2021-12-25,Colusa,0.04999999999999999,0,4
2022-01-01,Colusa,0.04999999999999999,0,6
2022-01-08,Colusa,0.04999999999999999,0,8
2022-01-15,Colusa,0.04999999999999999,0,14
2022-01-22,Colusa,0.04999999999999999,0,20
2022-01-29,Colusa,0.04999999999999999,0,22
2022-02-05,Colusa,0.04999999999999999,0,24
2022-02-12,Colusa,0.04999999999999999,0,19
2022-02-19,Colusa,0.04999999999999999,0,13
2022-02-26,Colusa,0.04999999999999999,0,8
2022-03-05,Colusa,0.04999999999999999,0,4
2022-03-12,Colusa,0.04999999999999999,0,2
2022-03-19,Colusa,0.04999999999999999,0,1
2022-03-26,Colusa,0.04999999999999999,0,0
2022-04-02,Colusa,0.04999999999999999,0,0
2022-04-09,Colusa,0.04999999999999999,0,0
2022-04-16,Colusa,0.04999999999999999,0,0
2022-04-23,Colusa,0.04999999999999999,0,0
2022-04-30,Colusa,0.04999999999999999,0,0
2022-05-07,Colusa,0.04999999999999999,0,0
2021-12-25,Colusa,0.5,1,17
2022-01-01,Colusa,0.5,1,34
2022-01-08,Colusa,0.5,2,71
2022-01-15,Colusa,0.5,3,124
2022-01-22,Colusa,0.5,5,155
2022-01-29,Colusa,0.5,5,144
2022-02-05,Colusa,0.5,5,113
2022-02-12,Colusa,0.5,4,80
2022-02-19,Colusa,0.5,3,52
2022-02-26,Colusa,0.5,2,32
2022-03-05,Colusa,0.5,1,19
2022-03-12,Colusa,0.5,0,11
2022-03-19,Colusa,0.5,0,7
2022-03-26,Colusa,0.5,0,4
2022-04-02,Colusa,0.5,0,2
2022-04-09,Colusa,0.5,0,1
2022-04-16,Colusa,0.5,0,1
2022-04-23,Colusa,0.5,0,0
2022-04-30,Colusa,0.5,0,0
2022-05-07,Colusa,0.5,0,0
2021-12-25,Colusa,0.95,4,39
2022-01-01,Colusa,0.95,5,75
2022-01-08,Colusa,0.95,8,175
2022-01-15,Colusa,0.95,12,338
2022-01-22,Colusa,0.95,16,604
2022-01-29,Colusa,0.95,18,801.0499999999993
2022-02-05,Colusa,0.95,17,822
2022-02-12,Colusa,0.95,14,679
2022-02-19,Colusa,0.95,10,442
2022-02-26,Colusa,0.95,7,286
2022-03-05,Colusa,0.95,4,159
2022-03-12,Colusa,0.95,3,86.04999999999927
2022-03-19,Colusa,0.95,2,49
2022-03-26,Colusa,0.95,1,26
2022-04-02,Colusa,0.95,1,14
2022-04-09,Colusa,0.95,1,8
2022-04-16,Colusa,0.95,0,6
2022-04-23,Colusa,0.95,0,4
2022-04-30,Colusa,0.95,0,3
2022-05-07,Colusa,0.95,0,2
2021-12-25,Del Norte,0.04999999999999999,0,14
2022-01-01,Del Norte,0.04999999999999999,0,29
2022-01-08,Del Norte,0.04999999999999999,0,63
2022-01-15,Del Norte,0.04999999999999999,1,123
2022-01-22,Del Norte,0.04999999999999999,1,185
2022-01-29,Del Norte,0.04999999999999999,1,221
2022-02-05,Del Norte,0.04999999999999999,1,208
2022-02-12,Del Norte,0.04999999999999999,1,164
2022-02-19,Del Norte,0.04999999999999999,1,112
2022-02-26,Del Norte,0.04999999999999999,0,71
2022-03-05,Del Norte,0.04999999999999999,0,42
2022-03-12,Del Norte,0.04999999999999999,0,24
2022-03-19,Del Norte,0.04999999999999999,0,13
2022-03-26,Del Norte,0.04999999999999999,0,7
2022-04-02,Del Norte,0.04999999999999999,0,3
2022-04-09,Del Norte,0.04999999999999999,0,1
2022-04-16,Del Norte,0.04999999999999999,0,0
2022-04-23,Del Norte,0.04999999999999999,0,0
2022-04-30,Del Norte,0.04999999999999999,0,0
2022-05-07,Del Norte,0.04999999999999999,0,0
2021-12-25,Del Norte,0.5,1,25
2022-01-01,Del Norte,0.5,2,53
2022-01-08,Del Norte,0.5,3,119
2022-01-15,Del Norte,0.5,5,214
2022-01-22,Del Norte,0.5,7,303
2022-01-29,Del Norte,0.5,9,346
2022-02-05,Del Norte,0.5,8,316
2022-02-12,Del Norte,0.5,7,244
2022-02-19,Del Norte,0.5,5,168
2022-02-26,Del Norte,0.5,3,107
2022-03-05,Del Norte,0.5,2,66
2022-03-12,Del Norte,0.5,1,40
2022-03-19,Del Norte,0.5,1,24
2022-03-26,Del Norte,0.5,0,14
2022-04-02,Del Norte,0.5,0,8
2022-04-09,Del Norte,0.5,0,4
2022-04-16,Del Norte,0.5,0,3
2022-04-23,Del Norte,0.5,0,1
2022-04-30,Del Norte,0.5,0,1
2022-05-07,Del Norte,0.5,0,0
2021-12-25,Del Norte,0.95,4,39
2022-01-01,Del Norte,0.95,5,79
2022-01-08,Del Norte,0.95,8,171
2022-01-15,Del Norte,0.95,13,310
2022-01-22,Del Norte,0.95,18,460
2022-01-29,Del Norte,0.95,22,563
2022-02-05,Del Norte,0.95,21,547.0499999999993
2022-02-12,Del Norte,0.95,18,442
2022-02-19,Del Norte,0.95,13,309
2022-02-26,Del Norte,0.95,9,195
2022-03-05,Del Norte,0.95,6,116
2022-03-12,Del Norte,0.95,4,69.04999999999927
2022-03-19,Del Norte,0.95,3,41
2022-03-26,Del Norte,0.95,2,25
2022-04-02,Del Norte,0.95,1,16
2022-04-09,Del Norte,0.95,1,10
2022-04-16,Del Norte,0.95,1,7
2022-04-23,Del Norte,0.95,1,5
2022-04-30,Del Norte,0.95,0,3
2022-05-07,Del Norte,0.95,0,2
2021-12-25,El Dorado,0.04999999999999999,7,84
2022-01-01,El Dorado,0.04999999999999999,9,101
2022-01-08,El Dorado,0.04999999999999999,10,128
2022-01-15,El Dorado,0.04999999999999999,13,151.94999999999993
2022-01-22,El Dorado,0.04999999999999999,15,166.94999999999993
2022-01-29,El Dorado,0.04999999999999999,14,163.94999999999993
2022-02-05,El Dorado,0.04999999999999999,11,138
2022-02-12,El Dorado,0.04999999999999999,8,107
2022-02-19,El Dorado,0.04999999999999999,5,75.94999999999993
2022-02-26,El Dorado,0.04999999999999999,3,52
2022-03-05,El Dorado,0.04999999999999999,1,31
2022-03-12,El Dorado,0.04999999999999999,1,22
2022-03-19,El Dorado,0.04999999999999999,0,12
2022-03-26,El Dorado,0.04999999999999999,0,8
2022-04-02,El Dorado,0.04999999999999999,0,5
2022-04-09,El Dorado,0.04999999999999999,0,3
2022-04-16,El Dorado,0.04999999999999999,0,1
2022-04-23,El Dorado,0.04999999999999999,0,1
2022-04-30,El Dorado,0.04999999999999999,0,0
2022-05-07,El Dorado,0.04999999999999999,0,0
2021-12-25,El Dorado,0.5,16,308
2022-01-01,El Dorado,0.5,17,460.5
2022-01-08,El Dorado,0.5,20,751
2022-01-15,El Dorado,0.5,24,1044
2022-01-22,El Dorado,0.5,27,1167
2022-01-29,El Dorado,0.5,27,1127
2022-02-05,El Dorado,0.5,23,929
2022-02-12,El Dorado,0.5,18,675
2022-02-19,El Dorado,0.5,13,470
2022-02-26,El Dorado,0.5,9,308
2022-03-05,El Dorado,0.5,6,201
2022-03-12,El Dorado,0.5,4,129
2022-03-19,El Dorado,0.5,2,85
2022-03-26,El Dorado,0.5,1,56
2022-04-02,El Dorado,0.5,1,37
2022-04-09,El Dorado,0.5,0,24
2022-04-16,El Dorado,0.5,0,16
2022-04-23,El Dorado,0.5,0,10
2022-04-30,El Dorado,0.5,0,7
2022-05-07,El Dorado,0.5,0,4
2021-12-25,El Dorado,0.95,29,728
2022-01-01,El Dorado,0.95,32,1313
2022-01-08,El Dorado,0.95,41,2319
2022-01-15,El Dorado,0.95,48,3326.0999999999985
2022-01-22,El Dorado,0.95,50,3976.199999999997
2022-01-29,El Dorado,0.95,46,4170.0999999999985
2022-02-05,El Dorado,0.95,38,3510.349999999995
2022-02-12,El Dorado,0.95,31,2647.0499999999993
2022-02-19,El Dorado,0.95,23,1892
2022-02-26,El Dorado,0.95,16,1295.0499999999993
2022-03-05,El Dorado,0.95,12,835
2022-03-12,El Dorado,0.95,8,533
2022-03-19,El Dorado,0.95,6,342
2022-03-26,El Dorado,0.95,4,218
2022-04-02,El Dorado,0.95,3,148
2022-04-09,El Dorado,0.95,3,103
2022-04-16,El Dorado,0.95,2,76
2022-04-23,El Dorado,0.95,2,54
2022-04-30,El Dorado,0.95,1,46
2022-05-07,El Dorado,0.95,1,39
2021-12-25,Glenn,0.04999999999999999,0,24
2022-01-01,Glenn,0.04999999999999999,0,54
2022-01-08,Glenn,0.04999999999999999,0,118
2022-01-15,Glenn,0.04999999999999999,0,179
2022-01-22,Glenn,0.04999999999999999,0,195
2022-01-29,Glenn,0.04999999999999999,0,148
2022-02-05,Glenn,0.04999999999999999,0,92
2022-02-12,Glenn,0.04999999999999999,0,50
2022-02-19,Glenn,0.04999999999999999,0,26
2022-02-26,Glenn,0.04999999999999999,0,15
2022-03-05,Glenn,0.04999999999999999,0,9
2022-03-12,Glenn,0.04999999999999999,0,5
2022-03-19,Glenn,0.04999999999999999,0,3
2022-03-26,Glenn,0.04999999999999999,0,2
2022-04-02,Glenn,0.04999999999999999,0,1
2022-04-09,Glenn,0.04999999999999999,0,0
2022-04-16,Glenn,0.04999999999999999,0,0
2022-04-23,Glenn,0.04999999999999999,0,0
2022-04-30,Glenn,0.04999999999999999,0,0
2022-05-07,Glenn,0.04999999999999999,0,0
2021-12-25,Glenn,0.5,1,35
2022-01-01,Glenn,0.5,2,79
2022-01-08,Glenn,0.5,3,173
2022-01-15,Glenn,0.5,4,268
2022-01-22,Glenn,0.5,4,272
2022-01-29,Glenn,0.5,3,205
2022-02-05,Glenn,0.5,2,127
2022-02-12,Glenn,0.5,1,71
2022-02-19,Glenn,0.5,1,40
2022-02-26,Glenn,0.5,0,24
2022-03-05,Glenn,0.5,0,16
2022-03-12,Glenn,0.5,0,11
2022-03-19,Glenn,0.5,0,8
2022-03-26,Glenn,0.5,0,5
2022-04-02,Glenn,0.5,0,3
2022-04-09,Glenn,0.5,0,2
2022-04-16,Glenn,0.5,0,1
2022-04-23,Glenn,0.5,0,1
2022-04-30,Glenn,0.5,0,0
2022-05-07,Glenn,0.5,0,0
2021-12-25,Glenn,0.95,5,50
2022-01-01,Glenn,0.95,7,109
2022-01-08,Glenn,0.95,13,226
2022-01-15,Glenn,0.95,17,344
2022-01-22,Glenn,0.95,17,359
2022-01-29,Glenn,0.95,13,278
2022-02-05,Glenn,0.95,9,177
2022-02-12,Glenn,0.95,6,104
2022-02-19,Glenn,0.95,3,62
2022-02-26,Glenn,0.95,2,39
2022-03-05,Glenn,0.95,2,27
2022-03-12,Glenn,0.95,1,19
2022-03-19,Glenn,0.95,1,14
2022-03-26,Glenn,0.95,1,11
2022-04-02,Glenn,0.95,1,8
2022-04-09,Glenn,0.95,1,6
2022-04-16,Glenn,0.95,0,5
2022-04-23,Glenn,0.95,0,4
2022-04-30,Glenn,0.95,0,4
2022-05-07,Glenn,0.95,0,3
2021-12-25,Humboldt,0.04999999999999999,6,35
2022-01-01,Humboldt,0.04999999999999999,7,44
2022-01-08,Humboldt,0.04999999999999999,9,54
2022-01-15,Humboldt,0.04999999999999999,13,61.94999999999993
2022-01-22,Humboldt,0.04999999999999999,14,61
2022-01-29,Humboldt,0.04999999999999999,14,54
2022-02-05,Humboldt,0.04999999999999999,12,46
2022-02-12,Humboldt,0.04999999999999999,9,33
2022-02-19,Humboldt,0.04999999999999999,7,25
2022-02-26,Humboldt,0.04999999999999999,5,20
2022-03-05,Humboldt,0.04999999999999999,3,14
2022-03-12,Humboldt,0.04999999999999999,3,13
2022-03-19,Humboldt,0.04999999999999999,2,11
2022-03-26,Humboldt,0.04999999999999999,1,9
2022-04-02,Humboldt,0.04999999999999999,1,10
2022-04-09,Humboldt,0.04999999999999999,1,9
2022-04-16,Humboldt,0.04999999999999999,1,8
2022-04-23,Humboldt,0.04999999999999999,1,6
2022-04-30,Humboldt,0.04999999999999999,0,5
2022-05-07,Humboldt,0.04999999999999999,0,4
2021-12-25,Humboldt,0.5,13,186
2022-01-01,Humboldt,0.5,14,288
2022-01-08,Humboldt,0.5,19,469
2022-01-15,Humboldt,0.5,24,666
2022-01-22,Humboldt,0.5,27,729
2022-01-29,Humboldt,0.5,27,685
2022-02-05,Humboldt,0.5,23,574
2022-02-12,Humboldt,0.5,18,451
2022-02-19,Humboldt,0.5,14,343
2022-02-26,Humboldt,0.5,11,265
2022-03-05,Humboldt,0.5,8,208
2022-03-12,Humboldt,0.5,7,172
2022-03-19,Humboldt,0.5,6,158
2022-03-26,Humboldt,0.5,6,142
2022-04-02,Humboldt,0.5,5,136
2022-04-09,Humboldt,0.5,5,134
2022-04-16,Humboldt,0.5,5,122
2022-04-23,Humboldt,0.5,4,108
2022-04-30,Humboldt,0.5,4,95
2022-05-07,Humboldt,0.5,3,82
2021-12-25,Humboldt,0.95,23,533
2022-01-01,Humboldt,0.95,25,1027.0999999999985
2022-01-08,Humboldt,0.95,32,1890.0999999999985
2022-01-15,Humboldt,0.95,41,2735.149999999998
2022-01-22,Humboldt,0.95,45,3312.0999999999985
2022-01-29,Humboldt,0.95,43,3010.0499999999993
2022-02-05,Humboldt,0.95,38,2518
2022-02-12,Humboldt,0.95,31,2004.0999999999985
2022-02-19,Humboldt,0.95,25,1637.0499999999993
2022-02-26,Humboldt,0.95,20,1259
2022-03-05,Humboldt,0.95,16,963.2999999999956
2022-03-12,Humboldt,0.95,14,837
2022-03-19,Humboldt,0.95,12,721
2022-03-26,Humboldt,0.95,11,688.1499999999978
2022-04-02,Humboldt,0.95,11,670
2022-04-09,Humboldt,0.95,11,702
2022-04-16,Humboldt,0.95,12,707.0499999999993
2022-04-23,Humboldt,0.95,14,686.0499999999993
2022-04-30,Humboldt,0.95,15,770.0499999999993
2022-05-07,Humboldt,0.95,16,729
2021-12-25,Imperial,0.04999999999999999,41,294.94999999999993
2022-01-01,Imperial,0.04999999999999999,39,367
2022-01-08,Imperial,0.04999999999999999,48,516
2022-01-15,Imperial,0.04999999999999999,67,711
2022-01-22,Imperial,0.04999999999999999,80,739.9499999999999
2022-01-29,Imperial,0.04999999999999999,79,649.9499999999999
2022-02-05,Imperial,0.04999999999999999,65,492
2022-02-12,Imperial,0.04999999999999999,47,328
2022-02-19,Imperial,0.04999999999999999,31,197
2022-02-26,Imperial,0.04999999999999999,19,124
2022-03-05,Imperial,0.04999999999999999,11,81
2022-03-12,Imperial,0.04999999999999999,6,48
2022-03-19,Imperial,0.04999999999999999,3,29
2022-03-26,Imperial,0.04999999999999999,1,18
2022-04-02,Imperial,0.04999999999999999,0,11
2022-04-09,Imperial,0.04999999999999999,0,6
2022-04-16,Imperial,0.04999999999999999,0,3
2022-04-23,Imperial,0.04999999999999999,0,2
2022-04-30,Imperial,0.04999999999999999,0,1
2022-05-07,Imperial,0.04999999999999999,0,0
2021-12-25,Imperial,0.5,58,685
2022-01-01,Imperial,0.5,55,1063
2022-01-08,Imperial,0.5,67,1833.5
2022-01-15,Imperial,0.5,88,2695
2022-01-22,Imperial,0.5,103,2958
2022-01-29,Imperial,0.5,101,2546.5
2022-02-05,Imperial,0.5,85,1845.5
2022-02-12,Imperial,0.5,64,1181
2022-02-19,Imperial,0.5,44,732.5
2022-02-26,Imperial,0.5,29,452
2022-03-05,Imperial,0.5,18,279
2022-03-12,Imperial,0.5,12,170
2022-03-19,Imperial,0.5,7,104
2022-03-26,Imperial,0.5,4,67
2022-04-02,Imperial,0.5,3,40
2022-04-09,Imperial,0.5,2,24
2022-04-16,Imperial,0.5,1,15
2022-04-23,Imperial,0.5,1,9
2022-04-30,Imperial,0.5,0,6
2022-05-07,Imperial,0.5,0,3
2021-12-25,Imperial,0.95,77,1377
2022-01-01,Imperial,0.95,73,2359.0499999999993
2022-01-08,Imperial,0.95,87,4422.149999999998
2022-01-15,Imperial,0.95,113,6811.249999999996
2022-01-22,Imperial,0.95,132.04999999999927,7485.149999999998
2022-01-29,Imperial,0.95,130,6461.0999999999985
2022-02-05,Imperial,0.95,110,4820.049999999999
2022-02-12,Imperial,0.95,83,3013.199999999997
2022-02-19,Imperial,0.95,59,1971
2022-02-26,Imperial,0.95,40,1233
2022-03-05,Imperial,0.95,27,772
2022-03-12,Imperial,0.95,19,487
2022-03-19,Imperial,0.95,13,302
2022-03-26,Imperial,0.95,9,196.04999999999927
2022-04-02,Imperial,0.95,6,126
2022-04-09,Imperial,0.95,5,80
2022-04-16,Imperial,0.95,3,55
2022-04-23,Imperial,0.95,2,36
2022-04-30,Imperial,0.95,2,24
2022-05-07,Imperial,0.95,1,16
2021-12-25,Inyo,0.04999999999999999,0,27
2022-01-01,Inyo,0.04999999999999999,0,53.94999999999993
2022-01-08,Inyo,0.04999999999999999,0.9499999999999318,89
2022-01-15,Inyo,0.04999999999999999,1,113
2022-01-22,Inyo,0.04999999999999999,0,98
2022-01-29,Inyo,0.04999999999999999,0,54
2022-02-05,Inyo,0.04999999999999999,0,28
2022-02-12,Inyo,0.04999999999999999,0,14
2022-02-19,Inyo,0.04999999999999999,0,7
2022-02-26,Inyo,0.04999999999999999,0,4
2022-03-05,Inyo,0.04999999999999999,0,2
2022-03-12,Inyo,0.04999999999999999,0,1
2022-03-19,Inyo,0.04999999999999999,0,1
2022-03-26,Inyo,0.04999999999999999,0,0
2022-04-02,Inyo,0.04999999999999999,0,0
2022-04-09,Inyo,0.04999999999999999,0,0
2022-04-16,Inyo,0.04999999999999999,0,0
2022-04-23,Inyo,0.04999999999999999,0,0
2022-04-30,Inyo,0.04999999999999999,0,0
2022-05-07,Inyo,0.04999999999999999,0,0
2021-12-25,Inyo,0.5,2,67
2022-01-01,Inyo,0.5,4,180
2022-01-08,Inyo,0.5,6,329
2022-01-15,Inyo,0.5,6,333
2022-01-22,Inyo,0.5,4,206
2022-01-29,Inyo,0.5,2,109
2022-02-05,Inyo,0.5,1,57
2022-02-12,Inyo,0.5,1,32
2022-02-19,Inyo,0.5,0,19
2022-02-26,Inyo,0.5,0,12
2022-03-05,Inyo,0.5,0,8
2022-03-12,Inyo,0.5,0,6
2022-03-19,Inyo,0.5,0,5
2022-03-26,Inyo,0.5,0,3
2022-04-02,Inyo,0.5,0,3
2022-04-09,Inyo,0.5,0,2
2022-04-16,Inyo,0.5,0,2
2022-04-23,Inyo,0.5,0,1
2022-04-30,Inyo,0.5,0,1
2022-05-07,Inyo,0.5,0,1
2021-12-25,Inyo,0.95,7,110
2022-01-01,Inyo,0.95,12,303
2022-01-08,Inyo,0.95,19,581
2022-01-15,Inyo,0.95,18,641
2022-01-22,Inyo,0.95,13,492
2022-01-29,Inyo,0.95,8,323.0499999999993
2022-02-05,Inyo,0.95,5,190
2022-02-12,Inyo,0.95,3,107.04999999999927
2022-02-19,Inyo,0.95,2,63
2022-02-26,Inyo,0.95,2,37
2022-03-05,Inyo,0.95,1,23
2022-03-12,Inyo,0.95,1,16
2022-03-19,Inyo,0.95,1,12
2022-03-26,Inyo,0.95,1,9
2022-04-02,Inyo,0.95,1,8
2022-04-09,Inyo,0.95,1,7
2022-04-16,Inyo,0.95,0,7
2022-04-23,Inyo,0.95,0,7
2022-04-30,Inyo,0.95,0,8
2022-05-07,Inyo,0.95,0,10
2021-12-25,Kings,0.04999999999999999,11,132.94999999999993
2022-01-01,Kings,0.04999999999999999,11,189.94999999999993
2022-01-08,Kings,0.04999999999999999,15,304
2022-01-15,Kings,0.04999999999999999,24,508
2022-01-22,Kings,0.04999999999999999,36,689.9499999999999
2022-01-29,Kings,0.04999999999999999,43,730
2022-02-05,Kings,0.04999999999999999,40,616.9499999999999
2022-02-12,Kings,0.04999999999999999,30,459
2022-02-19,Kings,0.04999999999999999,20,283.94999999999993
2022-02-26,Kings,0.04999999999999999,12,165
2022-03-05,Kings,0.04999999999999999,7,102
2022-03-12,Kings,0.04999999999999999,4,60
2022-03-19,Kings,0.04999999999999999,1,36
2022-03-26,Kings,0.04999999999999999,0,20
2022-04-02,Kings,0.04999999999999999,0,11
2022-04-09,Kings,0.04999999999999999,0,6
2022-04-16,Kings,0.04999999999999999,0,3
2022-04-23,Kings,0.04999999999999999,0,1
2022-04-30,Kings,0.04999999999999999,0,0
2022-05-07,Kings,0.04999999999999999,0,0
2021-12-25,Kings,0.5,20,313
2022-01-01,Kings,0.5,20,532
2022-01-08,Kings,0.5,25,1091
2022-01-15,Kings,0.5,38,1965
2022-01-22,Kings,0.5,53,2700.5
2022-01-29,Kings,0.5,62,2817.5
2022-02-05,Kings,0.5,58,2288
2022-02-12,Kings,0.5,47,1606.5
2022-02-19,Kings,0.5,33,988
2022-02-26,Kings,0.5,22,591
2022-03-05,Kings,0.5,14,354
2022-03-12,Kings,0.5,8,208
2022-03-19,Kings,0.5,5,124
2022-03-26,Kings,0.5,3,75
2022-04-02,Kings,0.5,2,43
2022-04-09,Kings,0.5,1,26
2022-04-16,Kings,0.5,0,15
2022-04-23,Kings,0.5,0,9
2022-04-30,Kings,0.5,0,5
2022-05-07,Kings,0.5,0,3
2021-12-25,Kings,0.95,31,608.0499999999993
2022-01-01,Kings,0.95,31,1151
2022-01-08,Kings,0.95,39,2547.149999999998
2022-01-15,Kings,0.95,58,4803.0999999999985
2022-01-22,Kings,0.95,80,6615
2022-01-29,Kings,0.95,89,7168.6499999999905
2022-02-05,Kings,0.95,82,5769.049999999999
2022-02-12,Kings,0.95,65.04999999999927,4057.0999999999985
2022-02-19,Kings,0.95,48,2629.2499999999964
2022-02-26,Kings,0.95,33,1583
2022-03-05,Kings,0.95,22,944
2022-03-12,Kings,0.95,14,578.0499999999993
2022-03-19,Kings,0.95,10,350.0499999999993
2022-03-26,Kings,0.95,7,209
2022-04-02,Kings,0.95,4,124
2022-04-09,Kings,0.95,3,78
2022-04-16,Kings,0.95,2,48.04999999999927
2022-04-23,Kings,0.95,2,31
2022-04-30,Kings,0.95,1,20
2022-05-07,Kings,0.95,1,13
2021-12-25,Lake,0.04999999999999999,0,34
2022-01-01,Lake,0.04999999999999999,0,66
2022-01-08,Lake,0.04999999999999999,1,145
2022-01-15,Lake,0.04999999999999999,1,266
2022-01-22,Lake,0.04999999999999999,2,357.94999999999993
2022-01-29,Lake,0.04999999999999999,2,356
2022-02-05,Lake,0.04999999999999999,1,291
2022-02-12,Lake,0.04999999999999999,1,201
2022-02-19,Lake,0.04999999999999999,0,133
2022-02-26,Lake,0.04999999999999999,0,79
2022-03-05,Lake,0.04999999999999999,0,44
2022-03-12,Lake,0.04999999999999999,0,23
2022-03-19,Lake,0.04999999999999999,0,12
2022-03-26,Lake,0.04999999999999999,0,5
2022-04-02,Lake,0.04999999999999999,0,2
2022-04-09,Lake,0.04999999999999999,0,1
2022-04-16,Lake,0.04999999999999999,0,0
2022-04-23,Lake,0.04999999999999999,0,0
2022-04-30,Lake,0.04999999999999999,0,0
2022-05-07,Lake,0.04999999999999999,0,0
2021-12-25,Lake,0.5,2,59
2022-01-01,Lake,0.5,3,136
2022-01-08,Lake,0.5,5,319
2022-01-15,Lake,0.5,8,555
2022-01-22,Lake,0.5,11,680
2022-01-29,Lake,0.5,11,635
2022-02-05,Lake,0.5,9,497
2022-02-12,Lake,0.5,6,348
2022-02-19,Lake,0.5,4,225
2022-02-26,Lake,0.5,2,139
2022-03-05,Lake,0.5,1,82
2022-03-12,Lake,0.5,1,47
2022-03-19,Lake,0.5,0,26
2022-03-26,Lake,0.5,0,14
2022-04-02,Lake,0.5,0,8
2022-04-09,Lake,0.5,0,4
2022-04-16,Lake,0.5,0,2
2022-04-23,Lake,0.5,0,1
2022-04-30,Lake,0.5,0,1
2022-05-07,Lake,0.5,0,0
2021-12-25,Lake,0.95,7,91
2022-01-01,Lake,0.95,10,213
2022-01-08,Lake,0.95,15,498
2022-01-15,Lake,0.95,24,907.1499999999978
2022-01-22,Lake,0.95,30,1236.0999999999985
2022-01-29,Lake,0.95,29,1299
2022-02-05,Lake,0.95,23,1094.0499999999993
2022-02-12,Lake,0.95,17,757
2022-02-19,Lake,0.95,12,473.0499999999993
2022-02-26,Lake,0.95,8,268
2022-03-05,Lake,0.95,5,156
2022-03-12,Lake,0.95,3,86
2022-03-19,Lake,0.95,2,48
2022-03-26,Lake,0.95,1,27
2022-04-02,Lake,0.95,1,16
2022-04-09,Lake,0.95,1,10
2022-04-16,Lake,0.95,1,7
2022-04-23,Lake,0.95,0,5
2022-04-30,Lake,0.95,0,3
2022-05-07,Lake,0.95,0,2
2021-12-25,Lassen,0.04999999999999999,0,7
2022-01-01,Lassen,0.04999999999999999,0,19
2022-01-08,Lassen,0.04999999999999999,0,49
2022-01-15,Lassen,0.04999999999999999,0,103
2022-01-22,Lassen,0.04999999999999999,1,159
2022-01-29,Lassen,0.04999999999999999,1,177
2022-02-05,Lassen,0.04999999999999999,1,148
2022-02-12,Lassen,0.04999999999999999,0,107
2022-02-19,Lassen,0.04999999999999999,0,67.94999999999993
2022-02-26,Lassen,0.04999999999999999,0,38
2022-03-05,Lassen,0.04999999999999999,0,21
2022-03-12,Lassen,0.04999999999999999,0,10
2022-03-19,Lassen,0.04999999999999999,0,4
2022-03-26,Lassen,0.04999999999999999,0,1
2022-04-02,Lassen,0.04999999999999999,0,0
2022-04-09,Lassen,0.04999999999999999,0,0
2022-04-16,Lassen,0.04999999999999999,0,0
2022-04-23,Lassen,0.04999999999999999,0,0
2022-04-30,Lassen,0.04999999999999999,0,0
2022-05-07,Lassen,0.04999999999999999,0,0
2021-12-25,Lassen,0.5,1,16
2022-01-01,Lassen,0.5,1,42
2022-01-08,Lassen,0.5,1,108
2022-01-15,Lassen,0.5,3,223
2022-01-22,Lassen,0.5,4,334
2022-01-29,Lassen,0.5,5,360.5
2022-02-05,Lassen,0.5,4,301.5
2022-02-12,Lassen,0.5,3,216
2022-02-19,Lassen,0.5,2,139
2022-02-26,Lassen,0.5,1,82
2022-03-05,Lassen,0.5,1,47
2022-03-12,Lassen,0.5,0,24
2022-03-19,Lassen,0.5,0,12
2022-03-26,Lassen,0.5,0,6
2022-04-02,Lassen,0.5,0,3
2022-04-09,Lassen,0.5,0,1
2022-04-16,Lassen,0.5,0,1
2022-04-23,Lassen,0.5,0,0
2022-04-30,Lassen,0.5,0,0
2022-05-07,Lassen,0.5,0,0
2021-12-25,Lassen,0.95,3,29
2022-01-01,Lassen,0.95,3,77
2022-01-08,Lassen,0.95,5,196
2022-01-15,Lassen,0.95,8,410
2022-01-22,Lassen,0.95,11,648
2022-01-29,Lassen,0.95,12,755
2022-02-05,Lassen,0.95,11,654
2022-02-12,Lassen,0.95,8,471.0499999999993
2022-02-19,Lassen,0.95,6,288
2022-02-26,Lassen,0.95,4,159
2022-03-05,Lassen,0.95,3,90
2022-03-12,Lassen,0.95,2,48
2022-03-19,Lassen,0.95,1,26
2022-03-26,Lassen,0.95,1,14
2022-04-02,Lassen,0.95,0,8
2022-04-09,Lassen,0.95,0,5
2022-04-16,Lassen,0.95,0,3
2022-04-23,Lassen,0.95,0,2
2022-04-30,Lassen,0.95,0,2
2022-05-07,Lassen,0.95,0,1
2021-12-25,Madera,0.04999999999999999,10,33
2022-01-01,Madera,0.04999999999999999,12,45
2022-01-08,Madera,0.04999999999999999,17,54
2022-01-15,Madera,0.04999999999999999,27,62
2022-01-22,Madera,0.04999999999999999,38,68
2022-01-29,Madera,0.04999999999999999,43,67
2022-02-05,Madera,0.04999999999999999,42,53
2022-02-12,Madera,0.04999999999999999,36,47
2022-02-19,Madera,0.04999999999999999,28,39
2022-02-26,Madera,0.04999999999999999,21,30
2022-03-05,Madera,0.04999999999999999,15,19.949999999999932
2022-03-12,Madera,0.04999999999999999,10,15
2022-03-19,Madera,0.04999999999999999,7,12
2022-03-26,Madera,0.04999999999999999,5,8
2022-04-02,Madera,0.04999999999999999,3,6
2022-04-09,Madera,0.04999999999999999,2,4
2022-04-16,Madera,0.04999999999999999,1,3
2022-04-23,Madera,0.04999999999999999,0,2
2022-04-30,Madera,0.04999999999999999,0,1
2022-05-07,Madera,0.04999999999999999,0,1
2021-12-25,Madera,0.5,18,200
2022-01-01,Madera,0.5,19,299
2022-01-08,Madera,0.5,27,523
2022-01-15,Madera,0.5,39,836
2022-01-22,Madera,0.5,52,1163.5
2022-01-29,Madera,0.5,59,1228
2022-02-05,Madera,0.5,57,1116.5
2022-02-12,Madera,0.5,50,940
2022-02-19,Madera,0.5,40,740
2022-02-26,Madera,0.5,31,563
2022-03-05,Madera,0.5,24,419
2022-03-12,Madera,0.5,18,329
2022-03-19,Madera,0.5,14,234
2022-03-26,Madera,0.5,10,174
2022-04-02,Madera,0.5,7,133
2022-04-09,Madera,0.5,5,97
2022-04-16,Madera,0.5,4,70
2022-04-23,Madera,0.5,3,50
2022-04-30,Madera,0.5,2,34
2022-05-07,Madera,0.5,1,24.5
2021-12-25,Madera,0.95,27,632
2022-01-01,Madera,0.95,29,1170
2022-01-08,Madera,0.95,38,2363.149999999998
2022-01-15,Madera,0.95,53,4028.199999999997
2022-01-22,Madera,0.95,69,5409
2022-01-29,Madera,0.95,77,6015.249999999996
2022-02-05,Madera,0.95,74,5605.799999999988
2022-02-12,Madera,0.95,66,4690
2022-02-19,Madera,0.95,54,3543.0999999999985
2022-02-26,Madera,0.95,43,2689.0499999999993
2022-03-05,Madera,0.95,34,2092
2022-03-12,Madera,0.95,27,1648.1499999999978
2022-03-19,Madera,0.95,21,1214.0499999999993
2022-03-26,Madera,0.95,16,902
2022-04-02,Madera,0.95,13,687.1499999999978
2022-04-09,Madera,0.95,11,519.0499999999993
2022-04-16,Madera,0.95,9,399
2022-04-23,Madera,0.95,8,303
2022-04-30,Madera,0.95,7,241
2022-05-07,Madera,0.95,6,196.04999999999927
2021-12-25,Mariposa,0.04999999999999999,0,18
2022-01-01,Mariposa,0.04999999999999999,0,41
2022-01-08,Mariposa,0.04999999999999999,0,78
2022-01-15,Mariposa,0.04999999999999999,0,101
2022-01-22,Mariposa,0.04999999999999999,0,95
2022-01-29,Mariposa,0.04999999999999999,0,66
2022-02-05,Mariposa,0.04999999999999999,0,40
2022-02-12,Mariposa,0.04999999999999999,0,24
2022-02-19,Mariposa,0.04999999999999999,0,16
2022-02-26,Mariposa,0.04999999999999999,0,10
2022-03-05,Mariposa,0.04999999999999999,0,6
2022-03-12,Mariposa,0.04999999999999999,0,4
2022-03-19,Mariposa,0.04999999999999999,0,2
2022-03-26,Mariposa,0.04999999999999999,0,1
2022-04-02,Mariposa,0.04999999999999999,0,0
2022-04-09,Mariposa,0.04999999999999999,0,0
2022-04-16,Mariposa,0.04999999999999999,0,0
2022-04-23,Mariposa,0.04999999999999999,0,0
2022-04-30,Mariposa,0.04999999999999999,0,0
2022-05-07,Mariposa,0.04999999999999999,0,0
2021-12-25,Mariposa,0.5,0,32
2022-01-01,Mariposa,0.5,0,75
2022-01-08,Mariposa,0.5,0,147
2022-01-15,Mariposa,0.5,0,184
2022-01-22,Mariposa,0.5,0,156
2022-01-29,Mariposa,0.5,0,105
2022-02-05,Mariposa,0.5,0,65
2022-02-12,Mariposa,0.5,0,41
2022-02-19,Mariposa,0.5,0,28
2022-02-26,Mariposa,0.5,0,20
2022-03-05,Mariposa,0.5,0,14
2022-03-12,Mariposa,0.5,0,9
2022-03-19,Mariposa,0.5,0,6
2022-03-26,Mariposa,0.5,0,4
2022-04-02,Mariposa,0.5,0,3
2022-04-09,Mariposa,0.5,0,2
2022-04-16,Mariposa,0.5,0,1
2022-04-23,Mariposa,0.5,0,1
2022-04-30,Mariposa,0.5,0,0
2022-05-07,Mariposa,0.5,0,0
2021-12-25,Mariposa,0.95,8,49
2022-01-01,Mariposa,0.95,11,111
2022-01-08,Mariposa,0.95,15,215
2022-01-15,Mariposa,0.95,18,280.0499999999993
2022-01-22,Mariposa,0.95,15,261
2022-01-29,Mariposa,0.95,10,189.04999999999927
2022-02-05,Mariposa,0.95,7,125
2022-02-12,Mariposa,0.95,4,80
2022-02-19,Mariposa,0.95,3,52
2022-02-26,Mariposa,0.95,2,36
2022-03-05,Mariposa,0.95,2,25
2022-03-12,Mariposa,0.95,1,18
2022-03-19,Mariposa,0.95,1,13
2022-03-26,Mariposa,0.95,1,9
2022-04-02,Mariposa,0.95,0,7
2022-04-09,Mariposa,0.95,0,5
2022-04-16,Mariposa,0.95,0,4
2022-04-23,Mariposa,0.95,0,4
2022-04-30,Mariposa,0.95,0,3
2022-05-07,Mariposa,0.95,0,3
2021-12-25,Mendocino,0.04999999999999999,1,53
2022-01-01,Mendocino,0.04999999999999999,2,82
2022-01-08,Mendocino,0.04999999999999999,4,143
2022-01-15,Mendocino,0.04999999999999999,6,208
2022-01-22,Mendocino,0.04999999999999999,8,274
2022-01-29,Mendocino,0.04999999999999999,7,282
2022-02-05,Mendocino,0.04999999999999999,5,226.94999999999993
2022-02-12,Mendocino,0.04999999999999999,3,147
2022-02-19,Mendocino,0.04999999999999999,1,96
2022-02-26,Mendocino,0.04999999999999999,1,61
2022-03-05,Mendocino,0.04999999999999999,0,39
2022-03-12,Mendocino,0.04999999999999999,0,26
2022-03-19,Mendocino,0.04999999999999999,0,14
2022-03-26,Mendocino,0.04999999999999999,0,8
2022-04-02,Mendocino,0.04999999999999999,0,5
2022-04-09,Mendocino,0.04999999999999999,0,2
2022-04-16,Mendocino,0.04999999999999999,0,1
2022-04-23,Mendocino,0.04999999999999999,0,0
2022-04-30,Mendocino,0.04999999999999999,0,0
2022-05-07,Mendocino,0.04999999999999999,0,0
2021-12-25,Mendocino,0.5,7,125
2022-01-01,Mendocino,0.5,9,269
2022-01-08,Mendocino,0.5,14,549
2022-01-15,Mendocino,0.5,20,845
2022-01-22,Mendocino,0.5,25,878
2022-01-29,Mendocino,0.5,23,702.5
2022-02-05,Mendocino,0.5,19,472.5
2022-02-12,Mendocino,0.5,13,304
2022-02-19,Mendocino,0.5,9,197
2022-02-26,Mendocino,0.5,6,131
2022-03-05,Mendocino,0.5,4,91
2022-03-12,Mendocino,0.5,2,61
2022-03-19,Mendocino,0.5,1,40
2022-03-26,Mendocino,0.5,1,26
2022-04-02,Mendocino,0.5,0,18
2022-04-09,Mendocino,0.5,0,11
2022-04-16,Mendocino,0.5,0,8
2022-04-23,Mendocino,0.5,0,5
2022-04-30,Mendocino,0.5,0,3
2022-05-07,Mendocino,0.5,0,2
2021-12-25,Mendocino,0.95,17,217
2022-01-01,Mendocino,0.95,28,465
2022-01-08,Mendocino,0.95,50,968.0499999999993
2022-01-15,Mendocino,0.95,74,1605
2022-01-22,Mendocino,0.95,71.04999999999927,2059
2022-01-29,Mendocino,0.95,59,2212
2022-02-05,Mendocino,0.95,43,1847.0999999999985
2022-02-12,Mendocino,0.95,29,1340
2022-02-19,Mendocino,0.95,21,882.0499999999993
2022-02-26,Mendocino,0.95,14,574.0499999999993
2022-03-05,Mendocino,0.95,10,361
2022-03-12,Mendocino,0.95,7,210
2022-03-19,Mendocino,0.95,5,120
2022-03-26,Mendocino,0.95,3,72
2022-04-02,Mendocino,0.95,3,45
2022-04-09,Mendocino,0.95,2,27
2022-04-16,Mendocino,0.95,2,20
2022-04-23,Mendocino,0.95,1,17
2022-04-30,Mendocino,0.95,1,16
2022-05-07,Mendocino,0.95,1,15
2021-12-25,Merced,0.04999999999999999,14,74
2022-01-01,Merced,0.04999999999999999,17,90
2022-01-08,Merced,0.04999999999999999,24,124
2022-01-15,Merced,0.04999999999999999,36,164.94999999999993
2022-01-22,Merced,0.04999999999999999,47,178.94999999999993
2022-01-29,Merced,0.04999999999999999,50,165.94999999999993
2022-02-05,Merced,0.04999999999999999,45,139
2022-02-12,Merced,0.04999999999999999,37,114
2022-02-19,Merced,0.04999999999999999,29,85
2022-02-26,Merced,0.04999999999999999,21,71.94999999999993
2022-03-05,Merced,0.04999999999999999,16,53.94999999999993
2022-03-12,Merced,0.04999999999999999,11,39
2022-03-19,Merced,0.04999999999999999,7,27
2022-03-26,Merced,0.04999999999999999,4,20
2022-04-02,Merced,0.04999999999999999,2,12
2022-04-09,Merced,0.04999999999999999,1,7
2022-04-16,Merced,0.04999999999999999,0,5
2022-04-23,Merced,0.04999999999999999,0,3
2022-04-30,Merced,0.04999999999999999,0,2
2022-05-07,Merced,0.04999999999999999,0,1
2021-12-25,Merced,0.5,23,342
2022-01-01,Merced,0.5,26,548
2022-01-08,Merced,0.5,36,998.5
2022-01-15,Merced,0.5,51,1577.5
2022-01-22,Merced,0.5,64,1933
2022-01-29,Merced,0.5,67,1961
2022-02-05,Merced,0.5,61,1738
2022-02-12,Merced,0.5,51,1354
2022-02-19,Merced,0.5,41,1102.5
2022-02-26,Merced,0.5,32,852
2022-03-05,Merced,0.5,24,647.5
2022-03-12,Merced,0.5,18,473
2022-03-19,Merced,0.5,13,334
2022-03-26,Merced,0.5,9,223
2022-04-02,Merced,0.5,6,149
2022-04-09,Merced,0.5,4,102
2022-04-16,Merced,0.5,3,65
2022-04-23,Merced,0.5,2,42
2022-04-30,Merced,0.5,1,28
2022-05-07,Merced,0.5,1,18
2021-12-25,Merced,0.95,33,964.0499999999993
2022-01-01,Merced,0.95,36.04999999999927,1903.2499999999964
2022-01-08,Merced,0.95,49,4014
2022-01-15,Merced,0.95,68,6387.199999999997
2022-01-22,Merced,0.95,82,8316.349999999995
2022-01-29,Merced,0.95,87,8060.1999999999825
2022-02-05,Merced,0.95,80,7329.049999999999
2022-02-12,Merced,0.95,68,5777
2022-02-19,Merced,0.95,55,4650.599999999991
2022-02-26,Merced,0.95,44,3651.199999999997
2022-03-05,Merced,0.95,35,2795.149999999998
2022-03-12,Merced,0.95,27,2061.0999999999985
2022-03-19,Merced,0.95,20,1448.0499999999993
2022-03-26,Merced,0.95,15,994
2022-04-02,Merced,0.95,11,670
2022-04-09,Merced,0.95,9,464
2022-04-16,Merced,0.95,7,331
2022-04-23,Merced,0.95,5,244.04999999999927
2022-04-30,Merced,0.95,4,180.04999999999927
2022-05-07,Merced,0.95,3.0499999999992724,132
2021-12-25,Modoc,0.04999999999999999,0,1
2022-01-01,Modoc,0.04999999999999999,0,2
2022-01-08,Modoc,0.04999999999999999,0,4
2022-01-15,Modoc,0.04999999999999999,0,5
2022-01-22,Modoc,0.04999999999999999,0,7
2022-01-29,Modoc,0.04999999999999999,0,7
2022-02-05,Modoc,0.04999999999999999,0,7
2022-02-12,Modoc,0.04999999999999999,0,6
2022-02-19,Modoc,0.04999999999999999,0,4
2022-02-26,Modoc,0.04999999999999999,0,2
2022-03-05,Modoc,0.04999999999999999,0,1
2022-03-12,Modoc,0.04999999999999999,0,1
2022-03-19,Modoc,0.04999999999999999,0,0
2022-03-26,Modoc,0.04999999999999999,0,0
2022-04-02,Modoc,0.04999999999999999,0,0
2022-04-09,Modoc,0.04999999999999999,0,0
2022-04-16,Modoc,0.04999999999999999,0,0
2022-04-23,Modoc,0.04999999999999999,0,0
2022-04-30,Modoc,0.04999999999999999,0,0
2022-05-07,Modoc,0.04999999999999999,0,0
2021-12-25,Modoc,0.5,0,5
2022-01-01,Modoc,0.5,0,7
2022-01-08,Modoc,0.5,0,10
2022-01-15,Modoc,0.5,0,14
2022-01-22,Modoc,0.5,0,17
2022-01-29,Modoc,0.5,0,18
2022-02-05,Modoc,0.5,0,18
2022-02-12,Modoc,0.5,0,15
2022-02-19,Modoc,0.5,0,11
2022-02-26,Modoc,0.5,0,8
2022-03-05,Modoc,0.5,0,6
2022-03-12,Modoc,0.5,0,4
2022-03-19,Modoc,0.5,0,3
2022-03-26,Modoc,0.5,0,2
2022-04-02,Modoc,0.5,0,2
2022-04-09,Modoc,0.5,0,1
2022-04-16,Modoc,0.5,0,1
2022-04-23,Modoc,0.5,0,1
2022-04-30,Modoc,0.5,0,0
2022-05-07,Modoc,0.5,0,0
2021-12-25,Modoc,0.95,3,10
2022-01-01,Modoc,0.95,2,14
2022-01-08,Modoc,0.95,2,20
2022-01-15,Modoc,0.95,2,27
2022-01-22,Modoc,0.95,2,34
2022-01-29,Modoc,0.95,2,37
2022-02-05,Modoc,0.95,2,36
2022-02-12,Modoc,0.95,2,31
2022-02-19,Modoc,0.95,2,24
2022-02-26,Modoc,0.95,1,19
2022-03-05,Modoc,0.95,1,14
2022-03-12,Modoc,0.95,1,10
2022-03-19,Modoc,0.95,1,8
2022-03-26,Modoc,0.95,1,7
2022-04-02,Modoc,0.95,0,5
2022-04-09,Modoc,0.95,0,5
2022-04-16,Modoc,0.95,0,4
2022-04-23,Modoc,0.95,0,4
2022-04-30,Modoc,0.95,0,4
2022-05-07,Modoc,0.95,0,4
2021-12-25,Mono,0.04999999999999999,0,39
2022-01-01,Mono,0.04999999999999999,0,78
2022-01-08,Mono,0.04999999999999999,0,123
2022-01-15,Mono,0.04999999999999999,0,114
2022-01-22,Mono,0.04999999999999999,0,71
2022-01-29,Mono,0.04999999999999999,0,36
2022-02-05,Mono,0.04999999999999999,0,17
2022-02-12,Mono,0.04999999999999999,0,8
2022-02-19,Mono,0.04999999999999999,0,3
2022-02-26,Mono,0.04999999999999999,0,1
2022-03-05,Mono,0.04999999999999999,0,0
2022-03-12,Mono,0.04999999999999999,0,0
2022-03-19,Mono,0.04999999999999999,0,0
2022-03-26,Mono,0.04999999999999999,0,0
2022-04-02,Mono,0.04999999999999999,0,0
2022-04-09,Mono,0.04999999999999999,0,0
2022-04-16,Mono,0.04999999999999999,0,0
2022-04-23,Mono,0.04999999999999999,0,0
2022-04-30,Mono,0.04999999999999999,0,0
2022-05-07,Mono,0.04999999999999999,0,0
2021-12-25,Mono,0.5,2,73
2022-01-01,Mono,0.5,3,163
2022-01-08,Mono,0.5,3,247
2022-01-15,Mono,0.5,3,216
2022-01-22,Mono,0.5,2,127
2022-01-29,Mono,0.5,1,66
2022-02-05,Mono,0.5,0,34
2022-02-12,Mono,0.5,0,18
2022-02-19,Mono,0.5,0,10
2022-02-26,Mono,0.5,0,6
2022-03-05,Mono,0.5,0,3
2022-03-12,Mono,0.5,0,2
2022-03-19,Mono,0.5,0,1
2022-03-26,Mono,0.5,0,1
2022-04-02,Mono,0.5,0,0
2022-04-09,Mono,0.5,0,0
2022-04-16,Mono,0.5,0,0
2022-04-23,Mono,0.5,0,0
2022-04-30,Mono,0.5,0,0
2022-05-07,Mono,0.5,0,0
2021-12-25,Mono,0.95,9,111
2022-01-01,Mono,0.95,13,263
2022-01-08,Mono,0.95,16,439.25
2022-01-15,Mono,0.95,15,421
2022-01-22,Mono,0.95,10,269.25
2022-01-29,Mono,0.95,6,143
2022-02-05,Mono,0.95,3,73.25
2022-02-12,Mono,0.95,2,38
2022-02-19,Mono,0.95,1,21
2022-02-26,Mono,0.95,1,13
2022-03-05,Mono,0.95,1,9
2022-03-12,Mono,0.95,0,6
2022-03-19,Mono,0.95,0,4
2022-03-26,Mono,0.95,0,3
2022-04-02,Mono,0.95,0,3
2022-04-09,Mono,0.95,0,2
2022-04-16,Mono,0.95,0,2
2022-04-23,Mono,0.95,0,1
2022-04-30,Mono,0.95,0,1
2022-05-07,Mono,0.95,0,1
2021-12-25,Monterey,0.04999999999999999,24,131
2022-01-01,Monterey,0.04999999999999999,28,175
2022-01-08,Monterey,0.04999999999999999,39,240
2022-01-15,Monterey,0.04999999999999999,60,311
2022-01-22,Monterey,0.04999999999999999,80,374
2022-01-29,Monterey,0.04999999999999999,85,355.94999999999993
2022-02-05,Monterey,0.04999999999999999,75,318
2022-02-12,Monterey,0.04999999999999999,57,229
2022-02-19,Monterey,0.04999999999999999,39,153.94999999999993
2022-02-26,Monterey,0.04999999999999999,26,110
2022-03-05,Monterey,0.04999999999999999,17,76.94999999999993
2022-03-12,Monterey,0.04999999999999999,12,58
2022-03-19,Monterey,0.04999999999999999,9,45
2022-03-26,Monterey,0.04999999999999999,6,35
2022-04-02,Monterey,0.04999999999999999,5,30
2022-04-09,Monterey,0.04999999999999999,3,23
2022-04-16,Monterey,0.04999999999999999,2,18
2022-04-23,Monterey,0.04999999999999999,1,14
2022-04-30,Monterey,0.04999999999999999,0,9
2022-05-07,Monterey,0.04999999999999999,0,7
2021-12-25,Monterey,0.5,36,566.5
2022-01-01,Monterey,0.5,41,916
2022-01-08,Monterey,0.5,56,1723
2022-01-15,Monterey,0.5,83,2725
2022-01-22,Monterey,0.5,107,3492.5
2022-01-29,Monterey,0.5,114,3572.5
2022-02-05,Monterey,0.5,102,2954.5
2022-02-12,Monterey,0.5,79,2152
2022-02-19,Monterey,0.5,56,1535
2022-02-26,Monterey,0.5,38,1051.5
2022-03-05,Monterey,0.5,27,753
2022-03-12,Monterey,0.5,20,569
2022-03-19,Monterey,0.5,16,439.5
2022-03-26,Monterey,0.5,13,363
2022-04-02,Monterey,0.5,10,291
2022-04-09,Monterey,0.5,8,230
2022-04-16,Monterey,0.5,6,185
2022-04-23,Monterey,0.5,5,144
2022-04-30,Monterey,0.5,4,108
2022-05-07,Monterey,0.5,3,83
2021-12-25,Monterey,0.95,51,1512
2022-01-01,Monterey,0.95,57,3025
2022-01-08,Monterey,0.95,78,6349.299999999996
2022-01-15,Monterey,0.95,111.04999999999927,10455.599999999977
2022-01-22,Monterey,0.95,141,13580.299999999996
2022-01-29,Monterey,0.95,148,13686.05
2022-02-05,Monterey,0.95,132,11744.799999999988
2022-02-12,Monterey,0.95,103,8412.199999999997
2022-02-19,Monterey,0.95,76,5912.0999999999985
2022-02-26,Monterey,0.95,54,4020.4999999999927
2022-03-05,Monterey,0.95,39,2903.0499999999993
2022-03-12,Monterey,0.95,30,2205.149999999998
2022-03-19,Monterey,0.95,24,1764.0499999999993
2022-03-26,Monterey,0.95,20,1453.199999999997
2022-04-02,Monterey,0.95,17,1179.0499999999993
2022-04-09,Monterey,0.95,15,1008.0999999999985
2022-04-16,Monterey,0.95,14,853
2022-04-23,Monterey,0.95,13,740
2022-04-30,Monterey,0.95,12,679.0499999999993
2022-05-07,Monterey,0.95,12,589.0499999999993
2021-12-25,Napa,0.04999999999999999,4,111
2022-01-01,Napa,0.04999999999999999,6,153
2022-01-08,Napa,0.04999999999999999,9,203
2022-01-15,Napa,0.04999999999999999,11,276
2022-01-22,Napa,0.04999999999999999,12,287.94999999999993
2022-01-29,Napa,0.04999999999999999,10,267.94999999999993
2022-02-05,Napa,0.04999999999999999,7,233
2022-02-12,Napa,0.04999999999999999,4,178
2022-02-19,Napa,0.04999999999999999,2,121
2022-02-26,Napa,0.04999999999999999,1,90.94999999999993
2022-03-05,Napa,0.04999999999999999,1,60
2022-03-12,Napa,0.04999999999999999,0,46
2022-03-19,Napa,0.04999999999999999,0,28
2022-03-26,Napa,0.04999999999999999,0,19
2022-04-02,Napa,0.04999999999999999,0,12
2022-04-09,Napa,0.04999999999999999,0,7
2022-04-16,Napa,0.04999999999999999,0,5
2022-04-23,Napa,0.04999999999999999,0,2
2022-04-30,Napa,0.04999999999999999,0,1
2022-05-07,Napa,0.04999999999999999,0,0
2021-12-25,Napa,0.5,13,378
2022-01-01,Napa,0.5,16,718.5
2022-01-08,Napa,0.5,21,1285
2022-01-15,Napa,0.5,27,1735.5
2022-01-22,Napa,0.5,29,1718
2022-01-29,Napa,0.5,26,1296
2022-02-05,Napa,0.5,22,925.5
2022-02-12,Napa,0.5,16,635
2022-02-19,Napa,0.5,12,431
2022-02-26,Napa,0.5,8,306
2022-03-05,Napa,0.5,6,218
2022-03-12,Napa,0.5,4,160
2022-03-19,Napa,0.5,3,112
2022-03-26,Napa,0.5,2,75
2022-04-02,Napa,0.5,1,52
2022-04-09,Napa,0.5,1,35
2022-04-16,Napa,0.5,0,24
2022-04-23,Napa,0.5,0,15
2022-04-30,Napa,0.5,0,11
2022-05-07,Napa,0.5,0,7
2021-12-25,Napa,0.95,35,706
2022-01-01,Napa,0.95,57,1634
2022-01-08,Napa,0.95,82,3103.0999999999985
2022-01-15,Napa,0.95,99.04999999999927,4048
2022-01-22,Napa,0.95,87,4137
2022-01-29,Napa,0.95,65,3673.0499999999993
2022-02-05,Napa,0.95,45,2985.149999999998
2022-02-12,Napa,0.95,33,2246.149999999998
2022-02-19,Napa,0.95,23,1711.0499999999993
2022-02-26,Napa,0.95,17,1216
2022-03-05,Napa,0.95,13,877
2022-03-12,Napa,0.95,10,604
2022-03-19,Napa,0.95,7,401.0499999999993
2022-03-26,Napa,0.95,5,275
2022-04-02,Napa,0.95,4,189
2022-04-09,Napa,0.95,3,140
2022-04-16,Napa,0.95,2,98
2022-04-23,Napa,0.95,2,72
2022-04-30,Napa,0.95,2,57
2022-05-07,Napa,0.95,1,47
2021-12-25,Nevada,0.04999999999999999,4,54
2022-01-01,Nevada,0.04999999999999999,5,73.94999999999993
2022-01-08,Nevada,0.04999999999999999,7,111
2022-01-15,Nevada,0.04999999999999999,12,160.94999999999993
2022-01-22,Nevada,0.04999999999999999,17,223.94999999999993
2022-01-29,Nevada,0.04999999999999999,19,227.94999999999993
2022-02-05,Nevada,0.04999999999999999,17,185.94999999999993
2022-02-12,Nevada,0.04999999999999999,11,132
2022-02-19,Nevada,0.04999999999999999,7,75
2022-02-26,Nevada,0.04999999999999999,3,43
2022-03-05,Nevada,0.04999999999999999,1,23
2022-03-12,Nevada,0.04999999999999999,0,12
2022-03-19,Nevada,0.04999999999999999,0,6
2022-03-26,Nevada,0.04999999999999999,0,3
2022-04-02,Nevada,0.04999999999999999,0,1
2022-04-09,Nevada,0.04999999999999999,0,1
2022-04-16,Nevada,0.04999999999999999,0,0
2022-04-23,Nevada,0.04999999999999999,0,0
2022-04-30,Nevada,0.04999999999999999,0,0
2022-05-07,Nevada,0.04999999999999999,0,0
2021-12-25,Nevada,0.5,10,180
2022-01-01,Nevada,0.5,11,286.5
2022-01-08,Nevada,0.5,14,571
2022-01-15,Nevada,0.5,21,961.5
2022-01-22,Nevada,0.5,29,1292
2022-01-29,Nevada,0.5,33,1318.5
2022-02-05,Nevada,0.5,29,1074
2022-02-12,Nevada,0.5,22,727.5
2022-02-19,Nevada,0.5,14,430.5
2022-02-26,Nevada,0.5,8,252
2022-03-05,Nevada,0.5,5,140
2022-03-12,Nevada,0.5,3,77
2022-03-19,Nevada,0.5,1,43
2022-03-26,Nevada,0.5,1,24.5
2022-04-02,Nevada,0.5,0,13
2022-04-09,Nevada,0.5,0,8
2022-04-16,Nevada,0.5,0,4
2022-04-23,Nevada,0.5,0,2
2022-04-30,Nevada,0.5,0,1
2022-05-07,Nevada,0.5,0,1
2021-12-25,Nevada,0.95,17,416
2022-01-01,Nevada,0.95,19,796
2022-01-08,Nevada,0.95,24,1714
2022-01-15,Nevada,0.95,36,3113.2499999999964
2022-01-22,Nevada,0.95,46,4421.0999999999985
2022-01-29,Nevada,0.95,50,4633
2022-02-05,Nevada,0.95,44,3764.199999999997
2022-02-12,Nevada,0.95,33,2549.0499999999993
2022-02-19,Nevada,0.95,23,1544
2022-02-26,Nevada,0.95,15,860
2022-03-05,Nevada,0.95,10,484
2022-03-12,Nevada,0.95,6,264
2022-03-19,Nevada,0.95,4,148.04999999999927
2022-03-26,Nevada,0.95,3,84
2022-04-02,Nevada,0.95,2,48
2022-04-09,Nevada,0.95,1,29
2022-04-16,Nevada,0.95,1,17
2022-04-23,Nevada,0.95,1,11
2022-04-30,Nevada,0.95,1,7
2022-05-07,Nevada,0.95,0,5
2021-12-25,Plumas,0.04999999999999999,0,11
2022-01-01,Plumas,0.04999999999999999,0,21
2022-01-08,Plumas,0.04999999999999999,0,45
2022-01-15,Plumas,0.04999999999999999,1,76
2022-01-22,Plumas,0.04999999999999999,1,90
2022-01-29,Plumas,0.04999999999999999,0,76
2022-02-05,Plumas,0.04999999999999999,0,49
2022-02-12,Plumas,0.04999999999999999,0,28
2022-02-19,Plumas,0.04999999999999999,0,14
2022-02-26,Plumas,0.04999999999999999,0,7
2022-03-05,Plumas,0.04999999999999999,0,3
2022-03-12,Plumas,0.04999999999999999,0,1
2022-03-19,Plumas,0.04999999999999999,0,0
2022-03-26,Plumas,0.04999999999999999,0,0
2022-04-02,Plumas,0.04999999999999999,0,0
2022-04-09,Plumas,0.04999999999999999,0,0
2022-04-16,Plumas,0.04999999999999999,0,0
2022-04-23,Plumas,0.04999999999999999,0,0
2022-04-30,Plumas,0.04999999999999999,0,0
2022-05-07,Plumas,0.04999999999999999,0,0
2021-12-25,Plumas,0.5,1,22
2022-01-01,Plumas,0.5,1,45
2022-01-08,Plumas,0.5,2,99
2022-01-15,Plumas,0.5,3,169
2022-01-22,Plumas,0.5,4,197
2022-01-29,Plumas,0.5,4,161
2022-02-05,Plumas,0.5,2,104
2022-02-12,Plumas,0.5,1,60
2022-02-19,Plumas,0.5,1,33
2022-02-26,Plumas,0.5,0,18
2022-03-05,Plumas,0.5,0,10
2022-03-12,Plumas,0.5,0,5
2022-03-19,Plumas,0.5,0,3
2022-03-26,Plumas,0.5,0,2
2022-04-02,Plumas,0.5,0,1
2022-04-09,Plumas,0.5,0,0
2022-04-16,Plumas,0.5,0,0
2022-04-23,Plumas,0.5,0,0
2022-04-30,Plumas,0.5,0,0
2022-05-07,Plumas,0.5,0,0
2021-12-25,Plumas,0.95,4,42
2022-01-01,Plumas,0.95,4,92
2022-01-08,Plumas,0.95,6,202
2022-01-15,Plumas,0.95,9,372.0499999999993
2022-01-22,Plumas,0.95,10,457
2022-01-29,Plumas,0.95,9,398.0499999999993
2022-02-05,Plumas,0.95,7,258
2022-02-12,Plumas,0.95,4,144
2022-02-19,Plumas,0.95,3,75
2022-02-26,Plumas,0.95,2,42
2022-03-05,Plumas,0.95,1,23
2022-03-12,Plumas,0.95,1,13
2022-03-19,Plumas,0.95,1,8
2022-03-26,Plumas,0.95,0,5
2022-04-02,Plumas,0.95,0,4
2022-04-09,Plumas,0.95,0,3
2022-04-16,Plumas,0.95,0,2
2022-04-23,Plumas,0.95,0,1
2022-04-30,Plumas,0.95,0,1
2022-05-07,Plumas,0.95,0,1
2021-12-25,San Francisco,0.04999999999999999,62,670
2022-01-01,San Francisco,0.04999999999999999,68,687
2022-01-08,San Francisco,0.04999999999999999,76,764.7999999999997
2022-01-15,San Francisco,0.04999999999999999,90,784
2022-01-22,San Francisco,0.04999999999999999,100.94999999999993,896.8999999999999
2022-01-29,San Francisco,0.04999999999999999,96,856.5999999999995
2022-02-05,San Francisco,0.04999999999999999,84,658
2022-02-12,San Francisco,0.04999999999999999,64,477.94999999999993
2022-02-19,San Francisco,0.04999999999999999,47,370
2022-02-26,San Francisco,0.04999999999999999,34,245
2022-03-05,San Francisco,0.04999999999999999,25,197.94999999999993
2022-03-12,San Francisco,0.04999999999999999,19,140
2022-03-19,San Francisco,0.04999999999999999,14,111
2022-03-26,San Francisco,0.04999999999999999,10,89.94999999999993
2022-04-02,San Francisco,0.04999999999999999,8,58.94999999999993
2022-04-09,San Francisco,0.04999999999999999,5,46
2022-04-16,San Francisco,0.04999999999999999,4,38
2022-04-23,San Francisco,0.04999999999999999,2,24
2022-04-30,San Francisco,0.04999999999999999,1,18
2022-05-07,San Francisco,0.04999999999999999,1,11
2021-12-25,San Francisco,0.5,145,2985.5
2022-01-01,San Francisco,0.5,157,3823
2022-01-08,San Francisco,0.5,183,5882
2022-01-15,San Francisco,0.5,222,7815.5
2022-01-22,San Francisco,0.5,247,8406.5
2022-01-29,San Francisco,0.5,246,7591.5
2022-02-05,San Francisco,0.5,212,5934
2022-02-12,San Francisco,0.5,169,4515
2022-02-19,San Francisco,0.5,127,3311
2022-02-26,San Francisco,0.5,93,2407
2022-03-05,San Francisco,0.5,69,1781
2022-03-12,San Francisco,0.5,51,1306
2022-03-19,San Francisco,0.5,38,1021
2022-03-26,San Francisco,0.5,30,805.5
2022-04-02,San Francisco,0.5,23,616
2022-04-09,San Francisco,0.5,18,485
2022-04-16,San Francisco,0.5,13,378
2022-04-23,San Francisco,0.5,10,278
2022-04-30,San Francisco,0.5,8,208
2022-05-07,San Francisco,0.5,6,155
2021-12-25,San Francisco,0.95,321,7493.199999999997
2022-01-01,San Francisco,0.95,362,12264.05
2022-01-08,San Francisco,0.95,415.0499999999993,20727.29999999998
2022-01-15,San Francisco,0.95,507,28308.69999999999
2022-01-22,San Francisco,0.95,527,32260.349999999995
2022-01-29,San Francisco,0.95,497.0499999999993,29095.64999999999
2022-02-05,San Francisco,0.95,421,24240.599999999977
2022-02-12,San Francisco,0.95,333,19613.1
2022-02-19,San Francisco,0.95,254,14419.599999999977
2022-02-26,San Francisco,0.95,189,9982.399999999994
2022-03-05,San Francisco,0.95,140,7452.299999999996
2022-03-12,San Francisco,0.95,104,5558.199999999997
2022-03-19,San Francisco,0.95,78,4209.199999999997
2022-03-26,San Francisco,0.95,60,3274
2022-04-02,San Francisco,0.95,49,2567
2022-04-09,San Francisco,0.95,39,1997.0499999999993
2022-04-16,San Francisco,0.95,34,1617
2022-04-23,San Francisco,0.95,29,1368.1499999999978
2022-04-30,San Francisco,0.95,26,1124.0499999999993
2022-05-07,San Francisco,0.95,24,1018
2021-12-25,San Luis Obispo,0.04999999999999999,14,234
2022-01-01,San Luis Obispo,0.04999999999999999,18,341.94999999999993
2022-01-08,San Luis Obispo,0.04999999999999999,25,549.9499999999999
2022-01-15,San Luis Obispo,0.04999999999999999,34,762
2022-01-22,San Luis Obispo,0.04999999999999999,39,842
2022-01-29,San Luis Obispo,0.04999999999999999,35,796.8999999999999
2022-02-05,San Luis Obispo,0.04999999999999999,27,606
2022-02-12,San Luis Obispo,0.04999999999999999,17,402
2022-02-19,San Luis Obispo,0.04999999999999999,11,260.94999999999993
2022-02-26,San Luis Obispo,0.04999999999999999,6,179
2022-03-05,San Luis Obispo,0.04999999999999999,3,109
2022-03-12,San Luis Obispo,0.04999999999999999,2,74
2022-03-19,San Luis Obispo,0.04999999999999999,1,48
2022-03-26,San Luis Obispo,0.04999999999999999,0,33
2022-04-02,San Luis Obispo,0.04999999999999999,0,23
2022-04-09,San Luis Obispo,0.04999999999999999,0,15
2022-04-16,San Luis Obispo,0.04999999999999999,0,9
2022-04-23,San Luis Obispo,0.04999999999999999,0,5
2022-04-30,San Luis Obispo,0.04999999999999999,0,3
2022-05-07,San Luis Obispo,0.04999999999999999,0,2
2021-12-25,San Luis Obispo,0.5,25,587.5
2022-01-01,San Luis Obispo,0.5,29,1061
2022-01-08,San Luis Obispo,0.5,40,2030
2022-01-15,San Luis Obispo,0.5,52,3004.5
2022-01-22,San Luis Obispo,0.5,60,3296
2022-01-29,San Luis Obispo,0.5,56,2749.5
2022-02-05,San Luis Obispo,0.5,45,2057
2022-02-12,San Luis Obispo,0.5,32,1385
2022-02-19,San Luis Obispo,0.5,21,900
2022-02-26,San Luis Obispo,0.5,14,579
2022-03-05,San Luis Obispo,0.5,9,379
2022-03-12,San Luis Obispo,0.5,6,249
2022-03-19,San Luis Obispo,0.5,4,175
2022-03-26,San Luis Obispo,0.5,3,121
2022-04-02,San Luis Obispo,0.5,2,85
2022-04-09,San Luis Obispo,0.5,1,60
2022-04-16,San Luis Obispo,0.5,1,42
2022-04-23,San Luis Obispo,0.5,0,29
2022-04-30,San Luis Obispo,0.5,0,20
2022-05-07,San Luis Obispo,0.5,0,13
2021-12-25,San Luis Obispo,0.95,43,1105.0499999999993
2022-01-01,San Luis Obispo,0.95,54,2385.2499999999964
2022-01-08,San Luis Obispo,0.95,77,4751.149999999998
2022-01-15,San Luis Obispo,0.95,99,7259.6499999999905
2022-01-22,San Luis Obispo,0.95,102,8306.05
2022-01-29,San Luis Obispo,0.95,88,7297.049999999999
2022-02-05,San Luis Obispo,0.95,67,5422.149999999998
2022-02-12,San Luis Obispo,0.95,48,3780.149999999998
2022-02-19,San Luis Obispo,0.95,34,2591.0999999999985
2022-02-26,San Luis Obispo,0.95,23,1663
2022-03-05,San Luis Obispo,0.95,16,1062
2022-03-12,San Luis Obispo,0.95,11,703
2022-03-19,San Luis Obispo,0.95,8,471
2022-03-26,San Luis Obispo,0.95,6,343.0499999999993
2022-04-02,San Luis Obispo,0.95,5,244
2022-04-09,San Luis Obispo,0.95,4,176.04999999999927
2022-04-16,San Luis Obispo,0.95,3,134
2022-04-23,San Luis Obispo,0.95,3,111
2022-04-30,San Luis Obispo,0.95,2,93
2022-05-07,San Luis Obispo,0.95,2,83
2021-12-25,San Mateo,0.04999999999999999,34,290.94999999999993
2022-01-01,San Mateo,0.04999999999999999,41,318.89999999999986
2022-01-08,San Mateo,0.04999999999999999,52,377
2022-01-15,San Mateo,0.04999999999999999,66,382.94999999999993
2022-01-22,San Mateo,0.04999999999999999,77,396
2022-01-29,San Mateo,0.04999999999999999,72,331.94999999999993
2022-02-05,San Mateo,0.04999999999999999,59,252.89999999999986
2022-02-12,San Mateo,0.04999999999999999,44,176.94999999999993
2022-02-19,San Mateo,0.04999999999999999,33,145.94999999999993
2022-02-26,San Mateo,0.04999999999999999,25,105.94999999999993
2022-03-05,San Mateo,0.04999999999999999,18,87
2022-03-12,San Mateo,0.04999999999999999,14,69.94999999999993
2022-03-19,San Mateo,0.04999999999999999,11,49.94999999999993
2022-03-26,San Mateo,0.04999999999999999,8,36
2022-04-02,San Mateo,0.04999999999999999,6,32
2022-04-09,San Mateo,0.04999999999999999,4,23
2022-04-16,San Mateo,0.04999999999999999,2,16.949999999999932
2022-04-23,San Mateo,0.04999999999999999,2,12
2022-04-30,San Mateo,0.04999999999999999,1,9
2022-05-07,San Mateo,0.04999999999999999,0,6
2021-12-25,San Mateo,0.5,69,1648
2022-01-01,San Mateo,0.5,81,2468
2022-01-08,San Mateo,0.5,102,4034
2022-01-15,San Mateo,0.5,135,5639
2022-01-22,San Mateo,0.5,152,6318
2022-01-29,San Mateo,0.5,147,5572.5
2022-02-05,San Mateo,0.5,123,4402
2022-02-12,San Mateo,0.5,95,3330
2022-02-19,San Mateo,0.5,71,2400
2022-02-26,San Mateo,0.5,54,1854
2022-03-05,San Mateo,0.5,41,1418
2022-03-12,San Mateo,0.5,32,1128.5
2022-03-19,San Mateo,0.5,26,883.5
2022-03-26,San Mateo,0.5,20,708
2022-04-02,San Mateo,0.5,16,575
2022-04-09,San Mateo,0.5,12,442
2022-04-16,San Mateo,0.5,9,330
2022-04-23,San Mateo,0.5,7,248
2022-04-30,San Mateo,0.5,5,187
2022-05-07,San Mateo,0.5,4,136
2021-12-25,San Mateo,0.95,145,4950.449999999993
2022-01-01,San Mateo,0.95,169,9357
2022-01-08,San Mateo,0.95,211,17515.999999999956
2022-01-15,San Mateo,0.95,269,25524.149999999998
2022-01-22,San Mateo,0.95,283.0499999999993,28462.599999999977
2022-01-29,San Mateo,0.95,273,26745.349999999995
2022-02-05,San Mateo,0.95,225,21138.249999999996
2022-02-12,San Mateo,0.95,174,16190.849999999944
2022-02-19,San Mateo,0.95,132,12268.249999999982
2022-02-26,San Mateo,0.95,98,9675.199999999997
2022-03-05,San Mateo,0.95,78,7156.199999999997
2022-03-12,San Mateo,0.95,59,5680.149999999998
2022-03-19,San Mateo,0.95,48,4364.399999999994
2022-03-26,San Mateo,0.95,38,3581.0499999999993
2022-04-02,San Mateo,0.95,31,2878.2999999999956
2022-04-09,San Mateo,0.95,26,2222.0999999999985
2022-04-16,San Mateo,0.95,22,1784
2022-04-23,San Mateo,0.95,19,1487.0499999999993
2022-04-30,San Mateo,0.95,18,1280
2022-05-07,San Mateo,0.95,17,1098.0999999999985
2021-12-25,Santa Cruz,0.04999999999999999,13,155.94999999999993
2022-01-01,Santa Cruz,0.04999999999999999,13,196
2022-01-08,Santa Cruz,0.04999999999999999,16,277
2022-01-15,Santa Cruz,0.04999999999999999,22,359
2022-01-22,Santa Cruz,0.04999999999999999,28,430
2022-01-29,Santa Cruz,0.04999999999999999,30,457
2022-02-05,Santa Cruz,0.04999999999999999,27,387
2022-02-12,Santa Cruz,0.04999999999999999,21,313
2022-02-19,Santa Cruz,0.04999999999999999,16,237.94999999999993
2022-02-26,Santa Cruz,0.04999999999999999,11,173
2022-03-05,Santa Cruz,0.04999999999999999,7,125
2022-03-12,Santa Cruz,0.04999999999999999,5,91
2022-03-19,Santa Cruz,0.04999999999999999,3,62
2022-03-26,Santa Cruz,0.04999999999999999,1,43
2022-04-02,Santa Cruz,0.04999999999999999,1,30
2022-04-09,Santa Cruz,0.04999999999999999,0,18
2022-04-16,Santa Cruz,0.04999999999999999,0,11
2022-04-23,Santa Cruz,0.04999999999999999,0,7
2022-04-30,Santa Cruz,0.04999999999999999,0,4
2022-05-07,Santa Cruz,0.04999999999999999,0,2
2021-12-25,Santa Cruz,0.5,22,501
2022-01-01,Santa Cruz,0.5,22,814
2022-01-08,Santa Cruz,0.5,26,1417
2022-01-15,Santa Cruz,0.5,34,2221.5
2022-01-22,Santa Cruz,0.5,42,2773.5
2022-01-29,Santa Cruz,0.5,44,2747
2022-02-05,Santa Cruz,0.5,41,2343
2022-02-12,Santa Cruz,0.5,34,1876.5
2022-02-19,Santa Cruz,0.5,26,1412
2022-02-26,Santa Cruz,0.5,20,1054
2022-03-05,Santa Cruz,0.5,14,749.5
2022-03-12,Santa Cruz,0.5,10,534
2022-03-19,Santa Cruz,0.5,7,364
2022-03-26,Santa Cruz,0.5,5,255
2022-04-02,Santa Cruz,0.5,3,173
2022-04-09,Santa Cruz,0.5,2,116
2022-04-16,Santa Cruz,0.5,1,78
2022-04-23,Santa Cruz,0.5,1,51
2022-04-30,Santa Cruz,0.5,1,34
2022-05-07,Santa Cruz,0.5,0,23
2021-12-25,Santa Cruz,0.95,34,1160
2022-01-01,Santa Cruz,0.95,36,2206.0499999999993
2022-01-08,Santa Cruz,0.95,41,4329.0999999999985
2022-01-15,Santa Cruz,0.95,53,6712.249999999996
2022-01-22,Santa Cruz,0.95,63,8433.349999999995
2022-01-29,Santa Cruz,0.95,65,8657.549999999992
2022-02-05,Santa Cruz,0.95,59,7599.499999999993
2022-02-12,Santa Cruz,0.95,49,6191.249999999996
2022-02-19,Santa Cruz,0.95,39,4793.399999999994
2022-02-26,Santa Cruz,0.95,31,3453.2499999999964
2022-03-05,Santa Cruz,0.95,23,2500
2022-03-12,Santa Cruz,0.95,17,1795.0499999999993
2022-03-19,Santa Cruz,0.95,13,1222.0999999999985
2022-03-26,Santa Cruz,0.95,10,820
2022-04-02,Santa Cruz,0.95,7,574.0499999999993
2022-04-09,Santa Cruz,0.95,6,393.0499999999993
2022-04-16,Santa Cruz,0.95,4,290.0499999999993
2022-04-23,Santa Cruz,0.95,3,207
2022-04-30,Santa Cruz,0.95,3,161.04999999999927
2022-05-07,Santa Cruz,0.95,2,129
2021-12-25,Shasta,0.04999999999999999,4,85.94999999999993
2022-01-01,Shasta,0.04999999999999999,5,127
2022-01-08,Shasta,0.04999999999999999,8,236
2022-01-15,Shasta,0.04999999999999999,13,406
2022-01-22,Shasta,0.04999999999999999,19,539.9499999999999
2022-01-29,Shasta,0.04999999999999999,17,598.9499999999999
2022-02-05,Shasta,0.04999999999999999,15,515
2022-02-12,Shasta,0.04999999999999999,9,351.94999999999993
2022-02-19,Shasta,0.04999999999999999,6,229
2022-02-26,Shasta,0.04999999999999999,3,137
2022-03-05,Shasta,0.04999999999999999,2,82
2022-03-12,Shasta,0.04999999999999999,1,49
2022-03-19,Shasta,0.04999999999999999,0,28
2022-03-26,Shasta,0.04999999999999999,0,15
2022-04-02,Shasta,0.04999999999999999,0,8
2022-04-09,Shasta,0.04999999999999999,0,4
2022-04-16,Shasta,0.04999999999999999,0,2
2022-04-23,Shasta,0.04999999999999999,0,1
2022-04-30,Shasta,0.04999999999999999,0,0
2022-05-07,Shasta,0.04999999999999999,0,0
2021-12-25,Shasta,0.5,21,201
2022-01-01,Shasta,0.5,23,391
2022-01-08,Shasta,0.5,39,818
2022-01-15,Shasta,0.5,64,1321
2022-01-22,Shasta,0.5,91,1537
2022-01-29,Shasta,0.5,100,1385
2022-02-05,Shasta,0.5,89,1115
2022-02-12,Shasta,0.5,67,772
2022-02-19,Shasta,0.5,46,497
2022-02-26,Shasta,0.5,30,303
2022-03-05,Shasta,0.5,18,187
2022-03-12,Shasta,0.5,11,114
2022-03-19,Shasta,0.5,6,70
2022-03-26,Shasta,0.5,4,42
2022-04-02,Shasta,0.5,2,25
2022-04-09,Shasta,0.5,1,15
2022-04-16,Shasta,0.5,1,8
2022-04-23,Shasta,0.5,0,5
2022-04-30,Shasta,0.5,0,3
2022-05-07,Shasta,0.5,0,2
2021-12-25,Shasta,0.95,54,352
2022-01-01,Shasta,0.95,68,715
2022-01-08,Shasta,0.95,118,1619
2022-01-15,Shasta,0.95,182.04999999999927,3162.0999999999985
2022-01-22,Shasta,0.95,235,4570.149999999998
2022-01-29,Shasta,0.95,249,5269.0999999999985
2022-02-05,Shasta,0.95,215,4504.149999999998
2022-02-12,Shasta,0.95,168,3180.0999999999985
2022-02-19,Shasta,0.95,116,2035.0999999999985
2022-02-26,Shasta,0.95,73,1214
2022-03-05,Shasta,0.95,45,711
2022-03-12,Shasta,0.95,27.049999999999272,412
2022-03-19,Shasta,0.95,17,236
2022-03-26,Shasta,0.95,11,138
2022-04-02,Shasta,0.95,7,83
2022-04-09,Shasta,0.95,4,48
2022-04-16,Shasta,0.95,3,29
2022-04-23,Shasta,0.95,2,19
2022-04-30,Shasta,0.95,2,12.049999999999272
2022-05-07,Shasta,0.95,1,9
2021-12-25,Siskiyou,0.04999999999999999,0,16
2022-01-01,Siskiyou,0.04999999999999999,0,37
2022-01-08,Siskiyou,0.04999999999999999,0,76
2022-01-15,Siskiyou,0.04999999999999999,0,114
2022-01-22,Siskiyou,0.04999999999999999,0,124
2022-01-29,Siskiyou,0.04999999999999999,0,107
2022-02-05,Siskiyou,0.04999999999999999,0,83
2022-02-12,Siskiyou,0.04999999999999999,0,59
2022-02-19,Siskiyou,0.04999999999999999,0,39
2022-02-26,Siskiyou,0.04999999999999999,0,23
2022-03-05,Siskiyou,0.04999999999999999,0,14
2022-03-12,Siskiyou,0.04999999999999999,0,8
2022-03-19,Siskiyou,0.04999999999999999,0,4
2022-03-26,Siskiyou,0.04999999999999999,0,2
2022-04-02,Siskiyou,0.04999999999999999,0,1
2022-04-09,Siskiyou,0.04999999999999999,0,0
2022-04-16,Siskiyou,0.04999999999999999,0,0
2022-04-23,Siskiyou,0.04999999999999999,0,0
2022-04-30,Siskiyou,0.04999999999999999,0,0
2022-05-07,Siskiyou,0.04999999999999999,0,0
2021-12-25,Siskiyou,0.5,1,25
2022-01-01,Siskiyou,0.5,2,52
2022-01-08,Siskiyou,0.5,3,102
2022-01-15,Siskiyou,0.5,4,147
2022-01-22,Siskiyou,0.5,4,156
2022-01-29,Siskiyou,0.5,4,135
2022-02-05,Siskiyou,0.5,3,106
2022-02-12,Siskiyou,0.5,2,77
2022-02-19,Siskiyou,0.5,1,53
2022-02-26,Siskiyou,0.5,1,35
2022-03-05,Siskiyou,0.5,1,23
2022-03-12,Siskiyou,0.5,0,15
2022-03-19,Siskiyou,0.5,0,9
2022-03-26,Siskiyou,0.5,0,6
2022-04-02,Siskiyou,0.5,0,3
2022-04-09,Siskiyou,0.5,0,2
2022-04-16,Siskiyou,0.5,0,1
2022-04-23,Siskiyou,0.5,0,1
2022-04-30,Siskiyou,0.5,0,0
2022-05-07,Siskiyou,0.5,0,0
2021-12-25,Siskiyou,0.95,8,35
2022-01-01,Siskiyou,0.95,9,69
2022-01-08,Siskiyou,0.95,13,128
2022-01-15,Siskiyou,0.95,18,182
2022-01-22,Siskiyou,0.95,20,195
2022-01-29,Siskiyou,0.95,17,174
2022-02-05,Siskiyou,0.95,14,139
2022-02-12,Siskiyou,0.95,11,102
2022-02-19,Siskiyou,0.95,8,72
2022-02-26,Siskiyou,0.95,6,49
2022-03-05,Siskiyou,0.95,4,33
2022-03-12,Siskiyou,0.95,3,23
2022-03-19,Siskiyou,0.95,2,16
2022-03-26,Siskiyou,0.95,1,11
2022-04-02,Siskiyou,0.95,1,8
2022-04-09,Siskiyou,0.95,1,6
2022-04-16,Siskiyou,0.95,1,4
2022-04-23,Siskiyou,0.95,0,3
2022-04-30,Siskiyou,0.95,0,3
2022-05-07,Siskiyou,0.95,0,2
2021-12-25,Sonoma,0.04999999999999999,21,276
2022-01-01,Sonoma,0.04999999999999999,26,369.89999999999986
2022-01-08,Sonoma,0.04999999999999999,35,490.94999999999993
2022-01-15,Sonoma,0.04999999999999999,48,657.9499999999999
2022-01-22,Sonoma,0.04999999999999999,53,648.9499999999999
2022-01-29,Sonoma,0.04999999999999999,46,575
2022-02-05,Sonoma,0.04999999999999999,34,450
2022-02-12,Sonoma,0.04999999999999999,22,332.89999999999986
2022-02-19,Sonoma,0.04999999999999999,13,220
2022-02-26,Sonoma,0.04999999999999999,9,167
2022-03-05,Sonoma,0.04999999999999999,6,137.94999999999993
2022-03-12,Sonoma,0.04999999999999999,4,101
2022-03-19,Sonoma,0.04999999999999999,3,77
2022-03-26,Sonoma,0.04999999999999999,2,61
2022-04-02,Sonoma,0.04999999999999999,2,51
2022-04-09,Sonoma,0.04999999999999999,1,35.94999999999993
2022-04-16,Sonoma,0.04999999999999999,1,25
2022-04-23,Sonoma,0.04999999999999999,0,17
2022-04-30,Sonoma,0.04999999999999999,0,12
2022-05-07,Sonoma,0.04999999999999999,0,8
2021-12-25,Sonoma,0.5,45,1060
2022-01-01,Sonoma,0.5,53,1873
2022-01-08,Sonoma,0.5,75,3405
2022-01-15,Sonoma,0.5,100,5095.5
2022-01-22,Sonoma,0.5,113,5233.5
2022-01-29,Sonoma,0.5,103,4165
2022-02-05,Sonoma,0.5,82,2957.5
2022-02-12,Sonoma,0.5,59,1949.5
2022-02-19,Sonoma,0.5,42,1316
2022-02-26,Sonoma,0.5,30,922
2022-03-05,Sonoma,0.5,22,703
2022-03-12,Sonoma,0.5,17,537
2022-03-19,Sonoma,0.5,13,424
2022-03-26,Sonoma,0.5,10,339
2022-04-02,Sonoma,0.5,8,278
2022-04-09,Sonoma,0.5,6,223
2022-04-16,Sonoma,0.5,5,174
2022-04-23,Sonoma,0.5,4,134
2022-04-30,Sonoma,0.5,3,104
2022-05-07,Sonoma,0.5,2,82
2021-12-25,Sonoma,0.95,110,2273
2022-01-01,Sonoma,0.95,154,4950.0999999999985
2022-01-08,Sonoma,0.95,248,10063.199999999953
2022-01-15,Sonoma,0.95,332.0499999999993,14914.099999999999
2022-01-22,Sonoma,0.95,306,15673.899999999987
2022-01-29,Sonoma,0.95,232,13805.799999999988
2022-02-05,Sonoma,0.95,165.04999999999927,10461.499999999993
2022-02-12,Sonoma,0.95,115,7668.249999999996
2022-02-19,Sonoma,0.95,81,5469.399999999994
2022-02-26,Sonoma,0.95,58,3997.0999999999985
2022-03-05,Sonoma,0.95,43,3040.0999999999985
2022-03-12,Sonoma,0.95,33,2274
2022-03-19,Sonoma,0.95,26,1824
2022-03-26,Sonoma,0.95,21,1475
2022-04-02,Sonoma,0.95,18,1161.0499999999993
2022-04-09,Sonoma,0.95,15,895
2022-04-16,Sonoma,0.95,13,770.0499999999993
2022-04-23,Sonoma,0.95,12,651
2022-04-30,Sonoma,0.95,11,564.0499999999993
2022-05-07,Sonoma,0.95,11,533
2021-12-25,Tehama,0.04999999999999999,2,25
2022-01-01,Tehama,0.04999999999999999,2,40
2022-01-08,Tehama,0.04999999999999999,4,69
2022-01-15,Tehama,0.04999999999999999,8,119.94999999999993
2022-01-22,Tehama,0.04999999999999999,12,176
2022-01-29,Tehama,0.04999999999999999,15,187
2022-02-05,Tehama,0.04999999999999999,13,170.94999999999993
2022-02-12,Tehama,0.04999999999999999,9,114
2022-02-19,Tehama,0.04999999999999999,5,71
2022-02-26,Tehama,0.04999999999999999,2,39
2022-03-05,Tehama,0.04999999999999999,1,20
2022-03-12,Tehama,0.04999999999999999,0,10
2022-03-19,Tehama,0.04999999999999999,0,5
2022-03-26,Tehama,0.04999999999999999,0,2
2022-04-02,Tehama,0.04999999999999999,0,1
2022-04-09,Tehama,0.04999999999999999,0,0
2022-04-16,Tehama,0.04999999999999999,0,0
2022-04-23,Tehama,0.04999999999999999,0,0
2022-04-30,Tehama,0.04999999999999999,0,0
2022-05-07,Tehama,0.04999999999999999,0,0
2021-12-25,Tehama,0.5,6,71
2022-01-01,Tehama,0.5,6,129
2022-01-08,Tehama,0.5,9,277
2022-01-15,Tehama,0.5,15,506
2022-01-22,Tehama,0.5,22,719
2022-01-29,Tehama,0.5,26,769
2022-02-05,Tehama,0.5,24,659.5
2022-02-12,Tehama,0.5,18,453
2022-02-19,Tehama,0.5,12,265
2022-02-26,Tehama,0.5,7,148
2022-03-05,Tehama,0.5,4,80
2022-03-12,Tehama,0.5,2,43
2022-03-19,Tehama,0.5,1,22
2022-03-26,Tehama,0.5,0,12
2022-04-02,Tehama,0.5,0,6
2022-04-09,Tehama,0.5,0,3
2022-04-16,Tehama,0.5,0,2
2022-04-23,Tehama,0.5,0,1
2022-04-30,Tehama,0.5,0,0
2022-05-07,Tehama,0.5,0,0
2021-12-25,Tehama,0.95,12,151
2022-01-01,Tehama,0.95,12,304.0499999999993
2022-01-08,Tehama,0.95,18,721
2022-01-15,Tehama,0.95,27,1400.0499999999993
2022-01-22,Tehama,0.95,38,2163.2499999999964
2022-01-29,Tehama,0.95,41,2437
2022-02-05,Tehama,0.95,38,2218.149999999998
2022-02-12,Tehama,0.95,29,1446.199999999997
2022-02-19,Tehama,0.95,20,850
2022-02-26,Tehama,0.95,13,491
2022-03-05,Tehama,0.95,8,259
2022-03-12,Tehama,0.95,5,136
2022-03-19,Tehama,0.95,3,70
2022-03-26,Tehama,0.95,2,39
2022-04-02,Tehama,0.95,1,21
2022-04-09,Tehama,0.95,1,12
2022-04-16,Tehama,0.95,1,7
2022-04-23,Tehama,0.95,1,5
2022-04-30,Tehama,0.95,0,3
2022-05-07,Tehama,0.95,0,2
2021-12-25,Trinity,0.04999999999999999,0,2
2022-01-01,Trinity,0.04999999999999999,0,5
2022-01-08,Trinity,0.04999999999999999,0,12
2022-01-15,Trinity,0.04999999999999999,0,20
2022-01-22,Trinity,0.04999999999999999,0,24
2022-01-29,Trinity,0.04999999999999999,0,23
2022-02-05,Trinity,0.04999999999999999,0,17
2022-02-12,Trinity,0.04999999999999999,0,11
2022-02-19,Trinity,0.04999999999999999,0,6
2022-02-26,Trinity,0.04999999999999999,0,3
2022-03-05,Trinity,0.04999999999999999,0,1
2022-03-12,Trinity,0.04999999999999999,0,0
2022-03-19,Trinity,0.04999999999999999,0,0
2022-03-26,Trinity,0.04999999999999999,0,0
2022-04-02,Trinity,0.04999999999999999,0,0
2022-04-09,Trinity,0.04999999999999999,0,0
2022-04-16,Trinity,0.04999999999999999,0,0
2022-04-23,Trinity,0.04999999999999999,0,0
2022-04-30,Trinity,0.04999999999999999,0,0
2022-05-07,Trinity,0.04999999999999999,0,0
2021-12-25,Trinity,0.5,0,6
2022-01-01,Trinity,0.5,0,12
2022-01-08,Trinity,0.5,0,25
2022-01-15,Trinity,0.5,0,41
2022-01-22,Trinity,0.5,0,49
2022-01-29,Trinity,0.5,0,43
2022-02-05,Trinity,0.5,0,31
2022-02-12,Trinity,0.5,0,21
2022-02-19,Trinity,0.5,0,13
2022-02-26,Trinity,0.5,0,8
2022-03-05,Trinity,0.5,0,4
2022-03-12,Trinity,0.5,0,2
2022-03-19,Trinity,0.5,0,1
2022-03-26,Trinity,0.5,0,1
2022-04-02,Trinity,0.5,0,0
2022-04-09,Trinity,0.5,0,0
2022-04-16,Trinity,0.5,0,0
2022-04-23,Trinity,0.5,0,0
2022-04-30,Trinity,0.5,0,0
2022-05-07,Trinity,0.5,0,0
2021-12-25,Trinity,0.95,3,11
2022-01-01,Trinity,0.95,2,20
2022-01-08,Trinity,0.95,3,40
2022-01-15,Trinity,0.95,4,63
2022-01-22,Trinity,0.95,5,74
2022-01-29,Trinity,0.95,4,67
2022-02-05,Trinity,0.95,3,52
2022-02-12,Trinity,0.95,2,36
2022-02-19,Trinity,0.95,1,24
2022-02-26,Trinity,0.95,1,15
2022-03-05,Trinity,0.95,1,10
2022-03-12,Trinity,0.95,0,6
2022-03-19,Trinity,0.95,0,4
2022-03-26,Trinity,0.95,0,3
2022-04-02,Trinity,0.95,0,2
2022-04-09,Trinity,0.95,0,1
2022-04-16,Trinity,0.95,0,1
2022-04-23,Trinity,0.95,0,1
2022-04-30,Trinity,0.95,0,1
2022-05-07,Trinity,0.95,0,1
2021-12-25,Tuolumne,0.04999999999999999,2,91
2022-01-01,Tuolumne,0.04999999999999999,3,172
2022-01-08,Tuolumne,0.04999999999999999,5,337
2022-01-15,Tuolumne,0.04999999999999999,8,528.8999999999999
2022-01-22,Tuolumne,0.04999999999999999,10,591
2022-01-29,Tuolumne,0.04999999999999999,8,478
2022-02-05,Tuolumne,0.04999999999999999,5,310
2022-02-12,Tuolumne,0.04999999999999999,3,178
2022-02-19,Tuolumne,0.04999999999999999,1,102
2022-02-26,Tuolumne,0.04999999999999999,0,58
2022-03-05,Tuolumne,0.04999999999999999,0,34
2022-03-12,Tuolumne,0.04999999999999999,0,19
2022-03-19,Tuolumne,0.04999999999999999,0,11
2022-03-26,Tuolumne,0.04999999999999999,0,6
2022-04-02,Tuolumne,0.04999999999999999,0,3
2022-04-09,Tuolumne,0.04999999999999999,0,2
2022-04-16,Tuolumne,0.04999999999999999,0,1
2022-04-23,Tuolumne,0.04999999999999999,0,0
2022-04-30,Tuolumne,0.04999999999999999,0,0
2022-05-07,Tuolumne,0.04999999999999999,0,0
2021-12-25,Tuolumne,0.5,7,134
2022-01-01,Tuolumne,0.5,9,287
2022-01-08,Tuolumne,0.5,14,605
2022-01-15,Tuolumne,0.5,20,921
2022-01-22,Tuolumne,0.5,23,965
2022-01-29,Tuolumne,0.5,20,735
2022-02-05,Tuolumne,0.5,14,456
2022-02-12,Tuolumne,0.5,9,262
2022-02-19,Tuolumne,0.5,5,152
2022-02-26,Tuolumne,0.5,3,90
2022-03-05,Tuolumne,0.5,2,54
2022-03-12,Tuolumne,0.5,1,33
2022-03-19,Tuolumne,0.5,0,21
2022-03-26,Tuolumne,0.5,0,13
2022-04-02,Tuolumne,0.5,0,9
2022-04-09,Tuolumne,0.5,0,6
2022-04-16,Tuolumne,0.5,0,4
2022-04-23,Tuolumne,0.5,0,2
2022-04-30,Tuolumne,0.5,0,1
2022-05-07,Tuolumne,0.5,0,1
2021-12-25,Tuolumne,0.95,15,186
2022-01-01,Tuolumne,0.95,18,397
2022-01-08,Tuolumne,0.95,29,844
2022-01-15,Tuolumne,0.95,42,1314.0499999999993
2022-01-22,Tuolumne,0.95,47,1433
2022-01-29,Tuolumne,0.95,39,1164
2022-02-05,Tuolumne,0.95,28,774
2022-02-12,Tuolumne,0.95,18,482.0499999999993
2022-02-19,Tuolumne,0.95,11,277
2022-02-26,Tuolumne,0.95,7,162
2022-03-05,Tuolumne,0.95,5,96
2022-03-12,Tuolumne,0.95,4,59
2022-03-19,Tuolumne,0.95,2,36
2022-03-26,Tuolumne,0.95,2,24
2022-04-02,Tuolumne,0.95,1,17
2022-04-09,Tuolumne,0.95,1,12
2022-04-16,Tuolumne,0.95,1,9
2022-04-23,Tuolumne,0.95,1,7
2022-04-30,Tuolumne,0.95,1,6
2022-05-07,Tuolumne,0.95,0,5
2021-12-25,Yolo,0.04999999999999999,4,228.94999999999993
2022-01-01,Yolo,0.04999999999999999,5,321
2022-01-08,Yolo,0.04999999999999999,7,497.94999999999993
2022-01-15,Yolo,0.04999999999999999,9,632.8499999999998
2022-01-22,Yolo,0.04999999999999999,8,703.9499999999999
2022-01-29,Yolo,0.04999999999999999,6,586
2022-02-05,Yolo,0.04999999999999999,3,419.94999999999993
2022-02-12,Yolo,0.04999999999999999,2,287.94999999999993
2022-02-19,Yolo,0.04999999999999999,1,179
2022-02-26,Yolo,0.04999999999999999,0,125
2022-03-05,Yolo,0.04999999999999999,0,83
2022-03-12,Yolo,0.04999999999999999,0,57
2022-03-19,Yolo,0.04999999999999999,0,39
2022-03-26,Yolo,0.04999999999999999,0,26
2022-04-02,Yolo,0.04999999999999999,0,17
2022-04-09,Yolo,0.04999999999999999,0,10
2022-04-16,Yolo,0.04999999999999999,0,6
2022-04-23,Yolo,0.04999999999999999,0,3
2022-04-30,Yolo,0.04999999999999999,0,1
2022-05-07,Yolo,0.04999999999999999,0,0
2021-12-25,Yolo,0.5,18,558
2022-01-01,Yolo,0.5,23,1147
2022-01-08,Yolo,0.5,30,2144
2022-01-15,Yolo,0.5,35,2724
2022-01-22,Yolo,0.5,32,2376.5
2022-01-29,Yolo,0.5,25,1681.5
2022-02-05,Yolo,0.5,18,1100
2022-02-12,Yolo,0.5,12,703
2022-02-19,Yolo,0.5,8,451
2022-02-26,Yolo,0.5,5,303
2022-03-05,Yolo,0.5,4,211
2022-03-12,Yolo,0.5,2,153
2022-03-19,Yolo,0.5,2,109
2022-03-26,Yolo,0.5,1,78
2022-04-02,Yolo,0.5,1,54
2022-04-09,Yolo,0.5,0,36
2022-04-16,Yolo,0.5,0,24
2022-04-23,Yolo,0.5,0,16
2022-04-30,Yolo,0.5,0,11
2022-05-07,Yolo,0.5,0,7
2021-12-25,Yolo,0.95,57,948.0499999999993
2022-01-01,Yolo,0.95,78.04999999999927,2175.0499999999993
2022-01-08,Yolo,0.95,122,4393.0999999999985
2022-01-15,Yolo,0.95,137,5642.249999999996
2022-01-22,Yolo,0.95,118,4985.049999999999
2022-01-29,Yolo,0.95,82,3929.149999999998
2022-02-05,Yolo,0.95,54,2914.4499999999935
2022-02-12,Yolo,0.95,35,1961.0499999999993
2022-02-19,Yolo,0.95,24,1360.0499999999993
2022-02-26,Yolo,0.95,15,898.0499999999993
2022-03-05,Yolo,0.95,11,606
2022-03-12,Yolo,0.95,8,418.0499999999993
2022-03-19,Yolo,0.95,6,273.0499999999993
2022-03-26,Yolo,0.95,5,185
2022-04-02,Yolo,0.95,4,128.04999999999927
2022-04-09,Yolo,0.95,3,90
2022-04-16,Yolo,0.95,2,68
2022-04-23,Yolo,0.95,2,57
2022-04-30,Yolo,0.95,1,48
2022-05-07,Yolo,0.95,1,43
2021-12-25,Yuba,0.04999999999999999,6,59
2022-01-01,Yuba,0.04999999999999999,11,96
2022-01-08,Yuba,0.04999999999999999,22,171
2022-01-15,Yuba,0.04999999999999999,40,266
2022-01-22,Yuba,0.04999999999999999,55,330
2022-01-29,Yuba,0.04999999999999999,56,288.94999999999993
2022-02-05,Yuba,0.04999999999999999,46,227
2022-02-12,Yuba,0.04999999999999999,32,148
2022-02-19,Yuba,0.04999999999999999,20,95
2022-02-26,Yuba,0.04999999999999999,12,59
2022-03-05,Yuba,0.04999999999999999,7,36
2022-03-12,Yuba,0.04999999999999999,3,22
2022-03-19,Yuba,0.04999999999999999,1,13
2022-03-26,Yuba,0.04999999999999999,0,8
2022-04-02,Yuba,0.04999999999999999,0,4
2022-04-09,Yuba,0.04999999999999999,0,2
2022-04-16,Yuba,0.04999999999999999,0,1
2022-04-23,Yuba,0.04999999999999999,0,0
2022-04-30,Yuba,0.04999999999999999,0,0
2022-05-07,Yuba,0.04999999999999999,0,0
2021-12-25,Yuba,0.5,12,134
2022-01-01,Yuba,0.5,18,250
2022-01-08,Yuba,0.5,33,531
2022-01-15,Yuba,0.5,56,888
2022-01-22,Yuba,0.5,74,1067
2022-01-29,Yuba,0.5,75,963
2022-02-05,Yuba,0.5,63,708
2022-02-12,Yuba,0.5,46,484
2022-02-19,Yuba,0.5,31,303
2022-02-26,Yuba,0.5,20,193
2022-03-05,Yuba,0.5,13,120
2022-03-12,Yuba,0.5,8,74
2022-03-19,Yuba,0.5,5,44
2022-03-26,Yuba,0.5,3,28
2022-04-02,Yuba,0.5,2,16
2022-04-09,Yuba,0.5,1,10
2022-04-16,Yuba,0.5,0,6
2022-04-23,Yuba,0.5,0,3
2022-04-30,Yuba,0.5,0,2
2022-05-07,Yuba,0.5,0,1
2021-12-25,Yuba,0.95,19,262.0499999999993
2022-01-01,Yuba,0.95,27,562
2022-01-08,Yuba,0.95,47,1267
2022-01-15,Yuba,0.95,74,2175.149999999998
2022-01-22,Yuba,0.95,96,2696
2022-01-29,Yuba,0.95,98,2464.0499999999993
2022-02-05,Yuba,0.95,82,1801
2022-02-12,Yuba,0.95,61,1232
2022-02-19,Yuba,0.95,43,788.0499999999993
2022-02-26,Yuba,0.95,29,501
2022-03-05,Yuba,0.95,20,312.0499999999993
2022-03-12,Yuba,0.95,14,195
2022-03-19,Yuba,0.95,9,119
2022-03-26,Yuba,0.95,7,74
2022-04-02,Yuba,0.95,5,46
2022-04-09,Yuba,0.95,3,29
2022-04-16,Yuba,0.95,2,20
2022-04-23,Yuba,0.95,2,13
2022-04-30,Yuba,0.95,1,9
2022-05-07,Yuba,0.95,1,7
